Date,Sentiment Index,PUT_CALL_VOLUME_RATIO_CUR_DAY,BEST_PE_RATIO
2014-01-01,81.2,1.0429,16.7747
2014-01-02,81.2,1.8041,16.6256
2014-01-03,81.2,1.9589,16.6192
2014-01-06,81.2,1.3972,16.5829
2014-01-07,81.2,2.034,16.6853
2014-01-08,81.2,1.7187,16.6867
2014-01-09,81.2,1.6091,16.6959
2014-01-10,81.2,1.4204,16.7383
2014-01-13,81.2,1.6335,16.5312
2014-01-14,81.2,1.1161,16.7008
2014-01-15,81.2,1.1071,16.7115
2014-01-16,81.2,1.5087,16.869
2014-01-17,81.2,2.2506,16.8369
2014-01-20,81.2,2.2506,16.8379
2014-01-21,81.2,2.0353,16.8934
2014-01-22,81.2,3.2337,16.9319
2014-01-23,81.2,2.0968,16.7619
2014-01-24,81.2,1.9657,16.4049
2014-01-27,81.2,1.8048,16.3175
2014-01-28,81.2,1.6683,16.4626
2014-01-29,81.2,1.6406,16.2888
2014-01-30,81.2,1.6008,16.567
2014-01-31,81.2,2.0478,16.4643
2014-02-03,81.6,1.8484,16.1194
2014-02-04,81.6,1.888,16.2631
2014-02-05,81.6,1.8982,16.2918
2014-02-06,81.6,1.8624,16.5199
2014-02-07,81.6,1.461,16.7454
2014-02-10,81.6,1.4958,16.774
2014-02-11,81.6,1.5302,16.964
2014-02-12,81.6,1.3962,16.949
2014-02-13,81.6,1.3611,17.0502
2014-02-14,81.6,1.3481,17.1419
2014-02-17,81.6,1.3481,17.1419
2014-02-18,81.6,1.3127,17.1657
2014-02-19,81.6,1.8092,17.0617
2014-02-20,81.6,1.9541,15.4795
2014-02-21,81.6,1.4039,15.4547
2014-02-24,81.6,1.3736,15.5502
2014-02-25,81.6,1.704,15.5872
2014-02-26,81.6,1.6867,15.5995
2014-02-27,81.6,1.7626,15.6833
2014-02-28,81.6,1.3997,15.7341
2014-03-03,80.0,2.281,15.6217
2014-03-04,80.0,1.8082,15.8613
2014-03-05,80.0,2.0212,15.8698
2014-03-06,80.0,1.6569,15.9103
2014-03-07,80.0,1.7462,15.9185
2014-03-10,80.0,2.2754,15.9069
2014-03-11,80.0,1.4166,15.8212
2014-03-12,80.0,1.7584,15.8295
2014-03-13,80.0,1.4122,15.6471
2014-03-14,80.0,2.5469,15.603
2014-03-17,80.0,1.5176,15.7532
2014-03-18,80.0,1.8702,15.8723
2014-03-19,80.0,1.4204,15.7829
2014-03-20,80.0,1.7053,15.8832
2014-03-21,80.0,1.9683,15.8358
2014-03-24,80.0,1.8481,15.6926
2014-03-25,80.0,1.7868,15.7577
2014-03-26,80.0,1.9493,15.6447
2014-03-27,80.0,1.6259,15.6224
2014-03-28,80.0,1.8894,15.6926
2014-03-31,80.0,1.3857,15.8131
2014-04-01,84.1,2.1606,15.9282
2014-04-02,84.1,1.1316,15.9749
2014-04-03,84.1,1.2085,15.8427
2014-04-04,84.1,1.7747,15.6411
2014-04-07,84.1,1.5854,15.4711
2014-04-08,84.1,1.6699,15.5322
2014-04-09,84.1,1.4508,15.6953
2014-04-10,84.1,1.6436,15.3722
2014-04-11,84.1,1.9486,15.2333
2014-04-14,84.1,2.6243,15.3542
2014-04-15,84.1,1.5414,15.4499
2014-04-16,84.1,1.4863,15.6305
2014-04-17,84.1,1.4735,15.67
2014-04-18,84.1,1.4735,15.6669
2014-04-21,84.1,1.7605,15.7335
2014-04-22,84.1,1.1825,15.782
2014-04-23,84.1,1.7173,15.6942
2014-04-24,84.1,1.6958,15.704
2014-04-25,84.1,2.5438,15.5691
2014-04-28,84.1,1.3654,15.6144
2014-04-29,84.1,1.344,15.7929
2014-04-30,84.1,1.7556,15.8383
2014-05-01,81.9,1.7199,15.7832
2014-05-02,81.9,1.7943,15.7595
2014-05-05,81.9,1.4956,15.7501
2014-05-06,81.9,1.347,15.5982
2014-05-07,81.9,1.2834,15.6863
2014-05-08,81.9,1.4175,15.6712
2014-05-09,81.9,1.5597,15.6937
2014-05-12,81.9,1.3474,15.8412
2014-05-13,81.9,1.2319,15.8473
2014-05-14,81.9,1.7537,15.776
2014-05-15,81.9,1.4706,15.631
2014-05-16,81.9,1.7253,15.6887
2014-05-19,81.9,2.2014,15.7449
2014-05-20,81.9,2.1485,15.6449
2014-05-21,81.9,2.1566,15.7737
2014-05-22,81.9,1.5334,15.8186
2014-05-23,81.9,1.3097,15.8859
2014-05-26,81.9,1.3097,15.8861
2014-05-27,81.9,1.9044,15.9843
2014-05-28,81.9,1.727,15.9661
2014-05-29,81.9,1.0247,16.0507
2014-05-30,81.9,1.4694,16.0842
2014-06-02,82.5,1.6742,16.0926
2014-06-03,82.5,1.9864,16.0886
2014-06-04,82.5,1.353,16.1202
2014-06-05,82.5,1.1711,16.2222
2014-06-06,82.5,1.3602,16.3007
2014-06-09,82.5,1.1964,16.286
2014-06-10,82.5,1.6561,16.2822
2014-06-11,82.5,1.5395,16.2245
2014-06-12,82.5,1.7286,16.1048
2014-06-13,82.5,1.8073,16.1496
2014-06-16,82.5,2.1516,16.1607
2014-06-17,82.5,1.8773,16.1923
2014-06-18,82.5,1.9404,16.3206
2014-06-19,82.5,1.5536,16.3556
2014-06-20,82.5,1.8862,16.3907
2014-06-23,82.5,2.0245,16.4584
2014-06-24,82.5,1.8932,16.3555
2014-06-25,82.5,2.0471,16.4384
2014-06-26,82.5,2.0654,16.4269
2014-06-27,82.5,2.0129,16.4645
2014-06-30,82.5,2.3096,16.4601
2014-07-01,81.8,1.3316,16.5552
2014-07-02,81.8,1.7961,16.5694
2014-07-03,81.8,1.8822,16.6556
2014-07-04,81.8,1.8822,16.6558
2014-07-07,81.8,2.4879,16.5928
2014-07-08,81.8,1.9497,16.4727
2014-07-09,81.8,2.4929,16.5467
2014-07-10,81.8,1.8546,16.4734
2014-07-11,81.8,2.6097,16.5051
2014-07-14,81.8,1.4488,16.5822
2014-07-15,81.8,1.6488,16.5327
2014-07-16,81.8,2.2402,16.594
2014-07-17,81.8,2.1214,16.3811
2014-07-18,81.8,2.4274,16.5493
2014-07-21,81.8,2.7191,16.5103
2014-07-22,81.8,1.6395,16.5786
2014-07-23,81.8,1.4247,16.606
2014-07-24,81.8,1.9566,16.5962
2014-07-25,81.8,2.511,16.5197
2014-07-28,81.8,1.8584,16.5223
2014-07-29,81.8,1.7818,16.4482
2014-07-30,81.8,1.5874,16.4523
2014-07-31,81.8,1.9479,16.1265
2014-08-01,82.5,2.3565,16.0867
2014-08-04,82.5,2.7009,16.1931
2014-08-05,82.5,2.3579,16.0912
2014-08-06,82.5,2.2242,16.0982
2014-08-07,82.5,2.0365,16.0059
2014-08-08,82.5,2.1761,16.1854
2014-08-11,82.5,2.0635,16.2356
2014-08-12,82.5,1.7936,16.2085
2014-08-13,82.5,1.5251,16.3263
2014-08-14,82.5,1.8447,16.3988
2014-08-15,82.5,2.713,16.3977
2014-08-18,82.5,1.6395,16.5417
2014-08-19,82.5,1.748,16.6254
2014-08-20,82.5,1.2104,16.67
2014-08-21,82.5,1.4873,16.71
2014-08-22,82.5,2.1518,16.6637
2014-08-25,82.5,1.3849,16.7416
2014-08-26,82.5,1.2389,16.7623
2014-08-27,82.5,1.5694,16.7669
2014-08-28,82.5,1.6823,16.7421
2014-08-29,82.5,2.3853,16.7966
2014-09-01,84.6,2.3853,16.8008
2014-09-02,84.6,1.7621,16.7913
2014-09-03,84.6,1.5313,16.7791
2014-09-04,84.6,1.4651,16.7427
2014-09-05,84.6,2.003,16.8277
2014-09-08,84.6,1.5887,16.7794
2014-09-09,84.6,2.2846,16.6731
2014-09-10,84.6,2.6353,16.7357
2014-09-11,84.6,2.0497,16.7512
2014-09-12,84.6,2.0715,16.6504
2014-09-15,84.6,2.1934,16.6389
2014-09-16,84.6,1.4026,16.7643
2014-09-17,84.6,1.493,16.7843
2014-09-18,84.6,1.5689,16.8758
2014-09-19,84.6,2.0693,16.8716
2014-09-22,84.6,1.6241,16.6913
2014-09-23,84.6,2.1062,16.5964
2014-09-24,84.6,1.4994,16.7312
2014-09-25,84.6,1.7876,16.4919
2014-09-26,84.6,2.4667,16.5934
2014-09-29,84.6,2.7771,16.5513
2014-09-30,84.6,2.1086,16.5801
2014-10-01,86.9,1.8311,16.3601
2014-10-02,86.9,1.5516,16.3186
2014-10-03,86.9,2.0212,16.5004
2014-10-06,86.9,2.0501,16.4942
2014-10-07,86.9,2.0906,16.2447
2014-10-08,86.9,1.5918,16.5351
2014-10-09,86.9,2.0892,16.1912
2014-10-10,86.9,2.4369,16.0045
2014-10-13,86.9,2.3831,15.7482
2014-10-14,86.9,2.4023,15.7809
2014-10-15,86.9,2.457,15.6722
2014-10-16,86.9,2.1338,15.6698
2014-10-17,86.9,2.7397,15.8725
2014-10-20,86.9,2.2962,16.0145
2014-10-21,86.9,1.8718,16.3571
2014-10-22,86.9,2.2172,16.2408
2014-10-23,86.9,1.4111,16.4144
2014-10-24,86.9,1.6784,16.5329
2014-10-27,86.9,1.7318,16.454
2014-10-28,86.9,1.6577,16.6562
2014-10-29,86.9,1.4113,16.6194
2014-10-30,86.9,1.8489,16.7156
2014-10-31,86.9,1.0358,16.9086
2014-11-03,88.8,1.6267,16.8927
2014-11-04,88.8,1.3998,16.8428
2014-11-05,88.8,1.4735,16.9249
2014-11-06,88.8,1.2484,16.9981
2014-11-07,88.8,1.6369,17.0104
2014-11-10,88.8,1.7557,17.0739
2014-11-11,88.8,1.6169,17.0843
2014-11-12,88.8,1.3155,17.0784
2014-11-13,88.8,1.461,17.0789
2014-11-14,88.8,1.7299,17.0849
2014-11-17,88.8,1.8555,17.1027
2014-11-18,88.8,1.4524,17.1961
2014-11-19,88.8,1.7929,17.1674
2014-11-20,88.8,2.1624,17.2003
2014-11-21,88.8,1.5806,17.3
2014-11-24,88.8,1.6827,17.3507
2014-11-25,88.8,2.0678,17.3381
2014-11-26,88.8,1.585,17.3839
2014-11-27,88.8,1.585,17.3841
2014-11-28,88.8,2.3088,17.3761
2014-12-01,93.6,2.485,17.2572
2014-12-02,93.6,2.0066,17.3758
2014-12-03,93.6,1.2398,17.4456
2014-12-04,93.6,1.7708,17.4356
2014-12-05,93.6,1.9208,17.4857
2014-12-08,93.6,2.1142,17.364
2014-12-09,93.6,1.9412,17.3693
2014-12-10,93.6,1.9918,17.0729
2014-12-11,93.6,1.7917,17.1547
2014-12-12,93.6,2.4932,16.8881
2014-12-15,93.6,2.4606,16.7786
2014-12-16,93.6,2.0368,16.6377
2014-12-17,93.6,2.6295,16.9914
2014-12-18,93.6,1.054,17.4699
2014-12-19,93.6,1.6966,17.5494
2014-12-22,93.6,1.5349,17.5322
2014-12-23,93.6,1.8497,17.5705
2014-12-24,93.6,1.6247,17.5672
2014-12-25,93.6,1.6247,17.5673
2014-12-26,93.6,1.0943,17.626
2014-12-29,93.6,1.3375,17.6408
2014-12-30,93.6,1.8046,17.5536
2014-12-31,93.6,1.4753,17.3791
2015-01-01,98.1,1.4753,17.38
2015-01-02,98.1,2.6003,17.4037
2015-01-05,98.1,2.1918,17.0881
2015-01-06,98.1,1.9188,16.9159
2015-01-07,98.1,1.5914,17.119
2015-01-08,98.1,1.7127,17.3885
2015-01-09,98.1,2.0399,17.1835
2015-01-12,98.1,2.3915,17.0493
2015-01-13,98.1,1.5781,17.0042
2015-01-14,98.1,1.9957,16.8807
2015-01-15,98.1,1.7078,16.7637
2015-01-16,98.1,2.1522,16.9838
2015-01-19,98.1,2.1522,16.9845
2015-01-20,98.1,2.0328,17.0159
2015-01-21,98.1,2.0261,17.1151
2015-01-22,98.1,1.8605,17.377
2015-01-23,98.1,1.9269,17.3028
2015-01-26,98.1,1.7965,17.3559
2015-01-27,98.1,1.8526,17.1882
2015-01-28,98.1,1.7789,17.0022
2015-01-29,98.1,1.9886,17.3396
2015-01-30,98.1,2.5322,17.1231
2015-02-02,95.4,1.6277,17.321
2015-02-03,95.4,1.9433,17.6074
2015-02-04,95.4,2.2517,17.5646
2015-02-05,95.4,1.7288,17.7503
2015-02-06,95.4,1.7622,17.6922
2015-02-09,95.4,1.8963,17.605
2015-02-10,95.4,1.6849,17.81
2015-02-11,95.4,1.8508,17.8138
2015-02-12,95.4,1.5616,18.0474
2015-02-13,95.4,1.966,18.1102
2015-02-16,95.4,1.966,18.1102
2015-02-17,95.4,1.74,18.2054
2015-02-18,95.4,2.1942,18.2387
2015-02-19,95.4,1.4604,17.5993
2015-02-20,95.4,1.7755,17.7158
2015-02-23,95.4,1.5474,17.7088
2015-02-24,95.4,2.0754,17.7615
2015-02-25,95.4,1.8885,17.7616
2015-02-26,95.4,1.9726,17.7397
2015-02-27,95.4,2.0305,17.7008
2015-03-02,93.0,1.9719,17.8221
2015-03-03,93.0,2.5401,17.7436
2015-03-04,93.0,1.9798,17.6783
2015-03-05,93.0,2.0358,17.6991
2015-03-06,93.0,2.1453,17.4577
2015-03-09,93.0,2.0726,17.5191
2015-03-10,93.0,1.6703,17.2231
2015-03-11,93.0,2.2623,17.2008
2015-03-12,93.0,1.8999,17.4331
2015-03-13,93.0,2.0947,17.3409
2015-03-16,93.0,1.7917,17.5916
2015-03-17,93.0,1.5029,17.5406
2015-03-18,93.0,2.2123,17.7672
2015-03-19,93.0,1.3948,17.673
2015-03-20,93.0,1.5652,17.8438
2015-03-23,93.0,1.9132,17.676
2015-03-24,93.0,1.9681,17.5732
2015-03-25,93.0,2.0733,17.318
2015-03-26,93.0,1.8176,17.2807
2015-03-27,93.0,1.8887,17.324
2015-03-30,93.0,2.1193,17.5947
2015-03-31,93.0,1.6889,17.4512
2015-04-01,95.9,2.2349,17.3888
2015-04-02,95.9,1.8957,17.4583
2015-04-03,95.9,1.8957,17.459
2015-04-06,95.9,2.0885,17.5827
2015-04-07,95.9,1.5846,17.5565
2015-04-08,95.9,2.1651,17.6068
2015-04-09,95.9,1.8815,17.674
2015-04-10,95.9,2.0431,17.767
2015-04-13,95.9,1.5453,17.7099
2015-04-14,95.9,1.9006,17.7455
2015-04-15,95.9,1.5297,17.8433
2015-04-16,95.9,1.6174,17.839
2015-04-17,95.9,2.4584,17.6285
2015-04-20,95.9,2.0118,17.8345
2015-04-21,95.9,1.7195,17.8125
2015-04-22,95.9,2.0123,17.9292
2015-04-23,95.9,2.1572,18.004
2015-04-24,95.9,1.4429,18.0558
2015-04-27,95.9,2.0124,17.9447
2015-04-28,95.9,1.5302,17.9849
2015-04-29,95.9,1.8456,17.9189
2015-04-30,95.9,2.1427,17.7434
2015-05-01,90.7,1.8671,17.9152
2015-05-04,90.7,2.3793,17.9038
2015-05-05,90.7,2.1429,17.6878
2015-05-06,90.7,1.8614,17.6175
2015-05-07,90.7,1.6645,17.6902
2015-05-08,90.7,1.6581,17.8974
2015-05-11,90.7,1.9695,17.8068
2015-05-12,90.7,2.74,17.7598
2015-05-13,90.7,1.905,17.7656
2015-05-14,90.7,1.3252,17.9564
2015-05-15,90.7,2.3943,17.9701
2015-05-18,90.7,1.8521,18.0139
2015-05-19,90.7,1.5428,18.0031
2015-05-20,90.7,2.3208,17.9913
2015-05-21,90.7,1.568,18.0344
2015-05-22,90.7,1.9675,17.9892
2015-05-25,90.7,1.9675,17.9886
2015-05-26,90.7,1.9609,17.7993
2015-05-27,90.7,1.6028,17.9548
2015-05-28,90.7,2.1674,17.9234
2015-05-29,90.7,2.6658,17.8093
2015-06-01,96.1,1.7111,17.8579
2015-06-02,96.1,2.4456,17.8501
2015-06-03,96.1,1.8001,17.886
2015-06-04,96.1,2.9818,17.7292
2015-06-05,96.1,2.148,17.7051
2015-06-08,96.1,1.925,17.5956
2015-06-09,96.1,2.0873,17.6012
2015-06-10,96.1,2.0137,17.819
2015-06-11,96.1,1.955,17.8536
2015-06-12,96.1,1.9127,17.7347
2015-06-15,96.1,1.8048,17.669
2015-06-16,96.1,1.5813,17.772
2015-06-17,96.1,2.1454,17.8063
2015-06-18,96.1,1.3067,17.9926
2015-06-19,96.1,2.4732,17.9009
2015-06-22,96.1,1.8752,17.9853
2015-06-23,96.1,2.3395,17.9985
2015-06-24,96.1,1.9067,17.8659
2015-06-25,96.1,1.7394,17.816
2015-06-26,96.1,1.8675,17.8181
2015-06-29,96.1,2.6267,17.4574
2015-06-30,96.1,2.035,17.5109
2015-07-01,93.1,2.2622,17.6336
2015-07-02,93.1,2.3319,17.624
2015-07-03,93.1,2.3319,17.6266
2015-07-06,93.1,1.986,17.5717
2015-07-07,93.1,1.6446,17.6902
2015-07-08,93.1,3.1093,17.3905
2015-07-09,93.1,2.2862,17.427
2015-07-10,93.1,1.9018,17.6404
2015-07-13,93.1,2.1179,17.8403
2015-07-14,93.1,1.5207,17.9262
2015-07-15,93.1,1.5848,17.9255
2015-07-16,93.1,1.2475,18.0664
2015-07-17,93.1,1.994,18.0973
2015-07-20,93.1,1.6931,18.1114
2015-07-21,93.1,1.8313,18.0112
2015-07-22,93.1,2.0398,17.9654
2015-07-23,93.1,1.6771,17.8611
2015-07-24,93.1,2.5714,17.6309
2015-07-27,93.1,2.4329,17.5189
2015-07-28,93.1,1.8992,17.7217
2015-07-29,93.1,1.7488,17.8809
2015-07-30,93.1,1.4163,17.8748
2015-07-31,93.1,2.2559,17.8679
2015-08-03,91.9,1.8572,17.8474
2015-08-04,91.9,2.1166,17.8146
2015-08-05,91.9,2.0966,17.8752
2015-08-06,91.9,1.8212,17.7322
2015-08-07,91.9,2.0637,17.6757
2015-08-10,91.9,1.847,17.8994
2015-08-11,91.9,2.0972,17.7273
2015-08-12,91.9,1.9057,17.7586
2015-08-13,91.9,2.1706,17.7431
2015-08-14,91.9,2.2562,17.8256
2015-08-17,91.9,1.5138,17.918
2015-08-18,91.9,1.5695,17.8725
2015-08-19,91.9,1.8859,17.7262
2015-08-20,91.9,2.3356,17.3577
2015-08-21,91.9,3.4166,16.809
2015-08-24,91.9,3.7699,16.1569
2015-08-25,91.9,2.3902,15.9364
2015-08-26,91.9,2.5202,16.5614
2015-08-27,91.9,2.1978,16.9628
2015-08-28,91.9,2.1258,16.9753
2015-08-31,91.9,2.3904,16.8399
2015-09-01,87.2,2.5324,16.33
2015-09-02,87.2,2.4782,16.6288
2015-09-03,87.2,1.7299,16.6131
2015-09-04,87.2,2.8949,16.3592
2015-09-07,87.2,2.8949,16.3594
2015-09-08,87.2,1.7675,16.7808
2015-09-09,87.2,1.9544,16.5565
2015-09-10,87.2,1.7509,16.6438
2015-09-11,87.2,1.9519,16.7278
2015-09-14,87.2,1.6072,16.6659
2015-09-15,87.2,1.453,16.8794
2015-09-16,87.2,1.9713,17.0436
2015-09-17,87.2,1.479,17.0085
2015-09-18,87.2,1.833,16.7398
2015-09-21,87.2,1.993,16.7578
2015-09-22,87.2,1.6484,16.5516
2015-09-23,87.2,1.5134,16.5181
2015-09-24,87.2,1.5664,16.4655
2015-09-25,87.2,2.0758,16.4621
2015-09-28,87.2,2.0383,16.0499
2015-09-29,87.2,1.8751,16.075
2015-09-30,87.2,1.5249,16.384
2015-10-01,90.0,1.5547,16.4219
2015-10-02,90.0,1.9685,16.6642
2015-10-05,90.0,1.524,16.9714
2015-10-06,90.0,1.7668,16.9176
2015-10-07,90.0,1.6548,17.0661
2015-10-08,90.0,1.363,17.2272
2015-10-09,90.0,1.2113,17.249
2015-10-12,90.0,1.9554,17.2804
2015-10-13,90.0,1.5321,17.1724
2015-10-14,90.0,1.8466,17.0912
2015-10-15,90.0,1.7713,17.3599
2015-10-16,90.0,2.2001,17.4444
2015-10-19,90.0,1.634,17.4729
2015-10-20,90.0,1.6314,17.4571
2015-10-21,90.0,1.917,17.3592
2015-10-22,90.0,1.2093,17.6447
2015-10-23,90.0,1.1376,17.834
2015-10-26,90.0,1.4193,17.8056
2015-10-27,90.0,1.6271,17.7514
2015-10-28,90.0,1.1934,17.9632
2015-10-29,90.0,1.1352,17.9557
2015-10-30,90.0,1.8896,17.8677
2015-11-02,91.3,1.5368,18.0083
2015-11-03,91.3,1.2331,18.069
2015-11-04,91.3,1.4589,18.0131
2015-11-05,91.3,1.9211,18.007
2015-11-06,91.3,1.8782,18.0032
2015-11-09,91.3,2.6609,17.7742
2015-11-10,91.3,1.5513,17.8329
2015-11-11,91.3,2.0548,17.7739
2015-11-12,91.3,2.1373,17.5318
2015-11-13,91.3,2.1939,17.3093
2015-11-16,91.3,1.6781,17.5672
2015-11-17,91.3,1.8847,17.5412
2015-11-18,91.3,2.2407,17.8012
2015-11-19,91.3,1.4177,17.7961
2015-11-20,91.3,2.1585,17.866
2015-11-23,91.3,2.467,17.8451
2015-11-24,91.3,2.4731,17.8747
2015-11-25,91.3,2.4084,17.8748
2015-11-26,91.3,2.4084,17.8748
2015-11-27,91.3,2.0826,17.885
2015-11-30,91.3,2.6998,17.7956
2015-12-01,92.6,2.2419,17.9903
2015-12-02,92.6,1.7992,17.7942
2015-12-03,92.6,2.0879,17.5429
2015-12-04,92.6,1.6935,17.9037
2015-12-07,92.6,2.0687,17.7818
2015-12-08,92.6,1.3717,17.6631
2015-12-09,92.6,1.7459,17.5423
2015-12-10,92.6,2.096,17.5847
2015-12-11,92.6,2.1827,17.2415
2015-12-14,92.6,2.6282,17.3265
2015-12-15,92.6,1.8096,17.5146
2015-12-16,92.6,1.6646,17.7785
2015-12-17,92.6,1.6948,17.5134
2015-12-18,92.6,2.2538,17.1929
2015-12-21,92.6,1.9731,17.2183
2015-12-22,92.6,2.1304,17.3706
2015-12-23,92.6,1.709,17.5868
2015-12-24,92.6,2.0914,17.559
2015-12-25,92.6,2.0914,17.559
2015-12-28,92.6,1.9381,17.5214
2015-12-29,92.6,1.7946,17.7022
2015-12-30,92.6,2.5179,17.5765
2015-12-31,92.6,2.0291,17.4077
2016-01-01,92.0,2.0291,17.41
2016-01-04,92.0,1.8314,17.1466
2016-01-05,92.0,2.1311,17.1829
2016-01-06,92.0,1.9702,16.9597
2016-01-07,92.0,2.368,16.5634
2016-01-08,92.0,2.2599,16.3744
2016-01-11,92.0,2.3021,16.3986
2016-01-12,92.0,1.6586,16.5343
2016-01-13,92.0,2.0426,16.1261
2016-01-14,92.0,1.7964,16.3813
2016-01-15,92.0,2.3245,16.0071
2016-01-18,92.0,2.3245,16.0081
2016-01-19,92.0,1.9037,16.0264
2016-01-20,92.0,2.451,15.8254
2016-01-21,92.0,1.6636,15.911
2016-01-22,92.0,1.6627,16.3115
2016-01-25,92.0,1.7101,16.0506
2016-01-26,92.0,1.304,16.3351
2016-01-27,92.0,1.4791,16.2314
2016-01-28,92.0,1.8951,16.4403
2016-01-29,92.0,1.5231,16.861
2016-02-01,91.7,1.7944,16.9161
2016-02-02,91.7,1.7537,16.5991
2016-02-03,91.7,1.6362,16.6843
2016-02-04,91.7,2.2406,16.7335
2016-02-05,91.7,1.8746,16.4278
2016-02-08,91.7,1.8567,16.2072
2016-02-09,91.7,2.0121,16.2078
2016-02-10,91.7,1.7557,16.2207
2016-02-11,91.7,1.9546,15.9999
2016-02-12,91.7,1.9181,16.3149
2016-02-15,91.7,1.9181,16.3148
2016-02-16,91.7,2.0145,15.7831
2016-02-17,91.7,1.9028,16.0425
2016-02-18,91.7,1.6743,15.9721
2016-02-19,91.7,2.0718,15.9787
2016-02-22,91.7,1.7751,16.2334
2016-02-23,91.7,2.6328,16.0438
2016-02-24,91.7,1.9361,16.1462
2016-02-25,91.7,1.7891,16.3328
2016-02-26,91.7,1.5991,16.3231
2016-02-29,91.7,1.8716,16.2058
2016-03-01,91.0,1.2549,16.6161
2016-03-02,91.0,1.8053,16.6929
2016-03-03,91.0,1.247,16.7611
2016-03-04,91.0,1.2538,16.8193
2016-03-07,91.0,1.7426,16.8323
2016-03-08,91.0,1.8504,16.6498
2016-03-09,91.0,1.511,16.7409
2016-03-10,91.0,1.7945,16.7487
2016-03-11,91.0,1.2197,17.0392
2016-03-14,91.0,1.5393,17.0188
2016-03-15,91.0,1.3861,17.0003
2016-03-16,91.0,1.5704,17.0969
2016-03-17,91.0,1.0666,17.2115
2016-03-18,91.0,1.3107,17.2923
2016-03-21,91.0,1.549,17.2683
2016-03-22,91.0,1.6458,17.258
2016-03-23,91.0,1.4416,17.1585
2016-03-24,91.0,1.9265,17.1591
2016-03-25,91.0,1.9265,17.159
2016-03-28,91.0,1.515,17.1718
2016-03-29,91.0,1.5134,17.3239
2016-03-30,91.0,1.077,17.412
2016-03-31,91.0,2.037,17.3963
2016-04-01,89.0,1.5237,17.5092
2016-04-04,89.0,1.4246,17.4655
2016-04-05,89.0,1.7066,17.2984
2016-04-06,89.0,1.8106,17.4813
2016-04-07,89.0,1.5454,17.2661
2016-04-08,89.0,1.9695,17.3133
2016-04-11,89.0,1.6416,17.2837
2016-04-12,89.0,1.3705,17.4603
2016-04-13,89.0,1.0886,17.6375
2016-04-14,89.0,1.2925,17.6512
2016-04-15,89.0,1.8108,17.6414
2016-04-18,89.0,1.9399,17.7595
2016-04-19,89.0,1.2589,17.8155
2016-04-20,89.0,1.5973,17.8505
2016-04-21,89.0,1.5354,17.7914
2016-04-22,89.0,1.9537,17.8089
2016-04-25,89.0,1.5164,17.7949
2016-04-26,89.0,1.5482,17.8659
2016-04-27,89.0,1.5719,17.9227
2016-04-28,89.0,1.5538,17.7423
2016-04-29,89.0,1.7709,17.6546
2016-05-02,94.7,1.491,17.782
2016-05-03,94.7,1.8825,17.6367
2016-05-04,94.7,1.3201,17.5309
2016-05-05,94.7,2.0527,17.5341
2016-05-06,94.7,1.758,17.5984
2016-05-09,94.7,2.461,17.6001
2016-05-10,94.7,1.5661,17.8177
2016-05-11,94.7,1.8909,17.6443
2016-05-12,94.7,2.0055,17.644
2016-05-13,94.7,2.0583,17.4778
2016-05-16,94.7,1.4327,17.6464
2016-05-17,94.7,1.5104,17.483
2016-05-18,94.7,1.6241,17.4843
2016-05-19,94.7,1.8296,17.4192
2016-05-20,94.7,1.4943,17.5126
2016-05-23,94.7,2.0283,17.4714
2016-05-24,94.7,1.5029,17.7128
2016-05-25,94.7,1.247,17.8434
2016-05-26,94.7,1.6079,17.8468
2016-05-27,94.7,1.4717,17.9255
2016-05-30,94.7,1.4717,17.9267
2016-05-31,94.7,1.8285,17.9155
2016-06-01,93.5,1.8151,17.9407
2016-06-02,93.5,1.5953,17.9931
2016-06-03,93.5,1.2374,17.9428
2016-06-06,93.5,1.6519,18.0304
2016-06-07,93.5,1.3012,18.0534
2016-06-08,93.5,1.3734,18.115
2016-06-09,93.5,1.5299,18.0854
2016-06-10,93.5,1.8592,17.9201
2016-06-13,93.5,2.0057,17.7765
2016-06-14,93.5,1.9831,17.7422
2016-06-15,93.5,2.3522,17.7166
2016-06-16,93.5,1.8664,17.7825
2016-06-17,93.5,1.9374,17.7322
2016-06-20,93.5,1.7999,17.7799
2016-06-21,93.5,2.0381,17.8314
2016-06-22,93.5,1.4329,17.8068
2016-06-23,93.5,1.798,18.0471
2016-06-24,93.5,2.0177,17.3994
2016-06-27,93.5,1.5219,17.0865
2016-06-28,93.5,1.6202,17.3918
2016-06-29,93.5,1.6037,17.6981
2016-06-30,93.5,1.6633,17.9529
2016-07-01,90.0,1.8915,17.9943
2016-07-04,90.0,1.8915,17.9964
2016-07-05,90.0,2.0979,17.8653
2016-07-06,90.0,1.7289,17.9639
2016-07-07,90.0,1.599,17.9546
2016-07-08,90.0,1.0763,18.2383
2016-07-11,90.0,0.9745,18.3248
2016-07-12,90.0,1.0288,18.4539
2016-07-13,90.0,1.2771,18.4501
2016-07-14,90.0,0.9493,18.5485
2016-07-15,90.0,1.5591,18.5271
2016-07-18,90.0,1.586,18.5801
2016-07-19,90.0,1.5869,18.5617
2016-07-20,90.0,1.2602,18.6446
2016-07-21,90.0,1.6792,18.5804
2016-07-22,90.0,1.6424,18.6692
2016-07-25,90.0,1.3808,18.6141
2016-07-26,90.0,1.5519,18.6243
2016-07-27,90.0,1.3255,18.5819
2016-07-28,90.0,1.5075,18.6029
2016-07-29,90.0,1.755,18.6674
2016-08-01,89.8,1.8473,18.676
2016-08-02,89.8,1.5108,18.5621
2016-08-03,89.8,2.0492,18.6238
2016-08-04,89.8,1.8489,18.6398
2016-08-05,89.8,1.5816,18.8018
2016-08-08,89.8,1.469,18.7861
2016-08-09,89.8,1.618,18.8635
2016-08-10,89.8,1.5032,18.814
2016-08-11,89.8,1.5697,18.8972
2016-08-12,89.8,1.5257,18.8819
2016-08-15,89.8,1.3874,18.9351
2016-08-16,89.8,1.5801,18.8325
2016-08-17,89.8,1.5339,18.8798
2016-08-18,89.8,1.42,18.9176
2016-08-19,89.8,1.9202,18.882
2016-08-22,89.8,1.7528,18.872
2016-08-23,89.8,1.4597,18.9067
2016-08-24,89.8,1.4985,18.8098
2016-08-25,89.8,1.8784,18.7928
2016-08-26,89.8,1.611,18.7636
2016-08-29,89.8,1.4684,18.8547
2016-08-30,89.8,1.6588,18.8124
2016-08-31,89.8,2.2352,18.7728
2016-09-01,91.2,2.0368,18.794
2016-09-02,91.2,2.2284,18.8773
2016-09-05,91.2,2.2284,18.879
2016-09-06,91.2,1.5672,18.9774
2016-09-07,91.2,2.0112,18.9366
2016-09-08,91.2,1.8659,18.9625
2016-09-09,91.2,2.1078,18.4994
2016-09-12,91.2,1.5642,18.7724
2016-09-13,91.2,1.6451,18.4982
2016-09-14,91.2,1.5339,18.4838
2016-09-15,91.2,1.6379,18.6788
2016-09-16,91.2,1.7454,18.6047
2016-09-19,91.2,1.7253,18.558
2016-09-20,91.2,1.5449,18.5684
2016-09-21,91.2,2.1602,18.7795
2016-09-22,91.2,1.6319,18.8837
2016-09-23,91.2,2.1384,18.7807
2016-09-26,91.2,1.8473,18.6219
2016-09-27,91.2,1.6839,18.7449
2016-09-28,91.2,1.494,18.8521
2016-09-29,91.2,1.8451,18.6698
2016-09-30,91.2,1.7333,18.8219
2016-10-03,87.2,1.9781,18.7568
2016-10-04,87.2,1.6831,18.6639
2016-10-05,87.2,1.8055,18.7366
2016-10-06,87.2,1.9035,18.7419
2016-10-07,87.2,1.8331,18.6801
2016-10-10,87.2,1.7884,18.7944
2016-10-11,87.2,1.6397,18.5676
2016-10-12,87.2,2.0569,18.5854
2016-10-13,87.2,1.6575,18.5224
2016-10-14,87.2,1.7191,18.5179
2016-10-17,87.2,1.6673,18.4553
2016-10-18,87.2,1.4872,18.565
2016-10-19,87.2,1.6179,18.6009
2016-10-20,87.2,1.462,18.5849
2016-10-21,87.2,2.0243,18.5755
2016-10-24,87.2,2.2182,18.6571
2016-10-25,87.2,2.0554,18.5804
2016-10-26,87.2,1.4332,18.5294
2016-10-27,87.2,1.5287,18.4634
2016-10-28,87.2,1.9442,18.396
2016-10-31,87.2,1.7825,18.3956
2016-11-01,93.8,1.9711,18.2761
2016-11-02,93.8,1.5709,18.1639
2016-11-03,93.8,1.8786,18.0855
2016-11-04,93.8,2.0107,18.0562
2016-11-07,93.8,1.7455,18.4563
2016-11-08,93.8,2.1622,18.5341
2016-11-09,93.8,1.5526,18.7408
2016-11-10,93.8,1.2968,18.7733
2016-11-11,93.8,1.8522,18.7486
2016-11-14,93.8,1.2398,18.7374
2016-11-15,93.8,1.3497,18.873
2016-11-16,93.8,1.1796,18.8473
2016-11-17,93.8,1.1399,18.939
2016-11-18,93.8,1.4357,18.8932
2016-11-21,93.8,1.2584,19.0286
2016-11-22,93.8,1.5302,19.0835
2016-11-23,93.8,1.5012,19.0988
2016-11-24,93.8,1.5012,19.099
2016-11-25,93.8,1.1065,19.1761
2016-11-28,93.8,1.6281,19.0789
2016-11-29,93.8,1.6572,19.0977
2016-11-30,93.8,1.2578,19.0438
2016-12-01,98.2,1.456,18.9696
2016-12-02,98.2,1.2317,18.9894
2016-12-05,98.2,1.2002,19.1088
2016-12-06,98.2,1.1318,19.1725
2016-12-07,98.2,0.9155,19.4245
2016-12-08,98.2,0.8772,19.4932
2016-12-09,98.2,1.0804,19.6171
2016-12-12,98.2,1.2253,19.587
2016-12-13,98.2,0.8139,19.7154
2016-12-14,98.2,1.2921,19.5582
2016-12-15,98.2,1.1638,19.632
2016-12-16,98.2,1.3888,19.6028
2016-12-19,98.2,1.446,19.5662
2016-12-20,98.2,1.29,19.6354
2016-12-21,98.2,1.7607,19.5884
2016-12-22,98.2,1.2852,19.5516
2016-12-23,98.2,1.554,19.5744
2016-12-26,98.2,1.554,19.5708
2016-12-27,98.2,1.2267,19.6146
2016-12-28,98.2,1.4693,19.4509
2016-12-29,98.2,1.6232,19.447
2016-12-30,98.2,1.3443,19.3558
2017-01-02,98.5,1.3443,19.3562
2017-01-03,98.5,1.5894,19.5273
2017-01-04,98.5,1.1794,19.6374
2017-01-05,98.5,1.6521,19.6237
2017-01-06,98.5,1.5211,19.695
2017-01-09,98.5,1.8396,19.6345
2017-01-10,98.5,1.7807,19.6285
2017-01-11,98.5,1.5935,19.6769
2017-01-12,98.5,1.5215,19.643
2017-01-13,98.5,1.5641,19.6239
2017-01-16,98.5,1.5641,19.6362
2017-01-17,98.5,1.6376,19.5883
2017-01-18,98.5,1.769,19.586
2017-01-19,98.5,1.5983,19.5117
2017-01-20,98.5,2.1077,19.5964
2017-01-23,98.5,1.5784,19.5708
2017-01-24,98.5,1.093,19.7609
2017-01-25,98.5,0.9779,19.9631
2017-01-26,98.5,1.7599,20.1144
2017-01-27,98.5,1.5403,20.1276
2017-01-30,98.5,1.8927,20.008
2017-01-31,98.5,1.7823,20.077
2017-02-01,96.3,1.622,20.3014
2017-02-02,96.3,2.2106,20.4535
2017-02-03,96.3,1.917,20.5813
2017-02-06,96.3,1.6128,20.5373
2017-02-07,96.3,1.6366,20.5604
2017-02-08,96.3,1.2078,20.704
2017-02-09,96.3,1.3343,17.757
2017-02-10,96.3,1.2131,17.8222
2017-02-13,96.3,1.1713,17.9226
2017-02-14,96.3,1.1595,17.9912
2017-02-15,96.3,1.3919,18.0743
2017-02-16,96.3,1.6725,18.0635
2017-02-17,96.3,1.7527,18.0876
2017-02-20,96.3,1.7527,18.0901
2017-02-21,96.3,1.1542,18.2021
2017-02-22,96.3,1.4752,18.1808
2017-02-23,96.3,1.2883,18.191
2017-02-24,96.3,1.7133,18.2232
2017-02-27,96.3,1.6159,18.2497
2017-02-28,96.3,1.5452,18.2231
2017-03-01,96.9,1.1508,18.4867
2017-03-02,96.9,1.6391,18.3898
2017-03-03,96.9,1.5538,18.4034
2017-03-06,96.9,1.4391,18.3426
2017-03-07,96.9,1.6928,18.2912
2017-03-08,96.9,1.5865,18.2526
2017-03-09,96.9,2.067,18.2787
2017-03-10,96.9,1.9373,18.3394
2017-03-13,96.9,1.4593,18.3366
2017-03-14,96.9,1.7086,18.2688
2017-03-15,96.9,1.4209,18.4242
2017-03-16,96.9,1.5115,18.3942
2017-03-17,96.9,2.5507,18.3682
2017-03-20,96.9,2.0436,18.2557
2017-03-21,96.9,1.8981,18.0233
2017-03-22,96.9,1.9508,18.0568
2017-03-23,96.9,1.6563,18.0297
2017-03-24,96.9,2.5933,17.991
2017-03-27,96.9,1.708,17.9706
2017-03-28,96.9,1.3302,18.1032
2017-03-29,96.9,1.8152,18.124
2017-03-30,96.9,1.7873,18.1729
2017-03-31,96.9,1.9982,18.1293
2017-04-03,97.0,2.0869,18.1105
2017-04-04,97.0,1.6493,18.099
2017-04-05,97.0,1.6637,18.0534
2017-04-06,97.0,1.9179,18.0723
2017-04-07,97.0,2.3507,18.0586
2017-04-10,97.0,1.9407,18.0723
2017-04-11,97.0,1.6053,18.0418
2017-04-12,97.0,1.8227,17.9778
2017-04-13,97.0,1.7951,17.8566
2017-04-14,97.0,1.7951,17.8556
2017-04-17,97.0,1.301,18.0038
2017-04-18,97.0,1.2733,17.941
2017-04-19,97.0,1.7166,17.9166
2017-04-20,97.0,1.5207,18.0515
2017-04-21,97.0,2.4868,18.0042
2017-04-24,97.0,1.9321,18.1984
2017-04-25,97.0,1.2146,18.2915
2017-04-26,97.0,1.3872,18.2863
2017-04-27,97.0,2.0405,18.3087
2017-04-28,97.0,1.7452,18.2584
2017-05-01,97.1,1.505,18.2847
2017-05-02,97.1,1.6479,18.295
2017-05-03,97.1,2.1094,18.2733
2017-05-04,97.1,1.7271,18.2658
2017-05-05,97.1,1.9783,18.4817
2017-05-08,97.1,1.8287,18.4102
2017-05-09,97.1,1.6591,18.3774
2017-05-10,97.1,1.9522,18.3991
2017-05-11,97.1,1.5484,18.3668
2017-05-12,97.1,2.0572,18.3422
2017-05-15,97.1,1.4361,18.4317
2017-05-16,97.1,1.7937,18.4168
2017-05-17,97.1,2.2932,18.0858
2017-05-18,97.1,1.7743,18.1558
2017-05-19,97.1,1.9314,18.2719
2017-05-22,97.1,2.0009,18.3606
2017-05-23,97.1,1.611,18.3975
2017-05-24,97.1,1.6249,18.444
2017-05-25,97.1,1.4406,18.5325
2017-05-26,97.1,2.0732,18.5392
2017-05-29,97.1,2.0732,18.5397
2017-05-30,97.1,2.2242,18.5228
2017-05-31,97.1,1.6886,18.5244
2017-06-01,95.0,1.4863,18.6801
2017-06-02,95.0,1.4659,18.7538
2017-06-05,95.0,1.4238,18.7348
2017-06-06,95.0,1.6054,18.6793
2017-06-07,95.0,2.4483,18.7089
2017-06-08,95.0,1.4962,18.7185
2017-06-09,95.0,1.5959,18.7026
2017-06-12,95.0,2.1473,18.6831
2017-06-13,95.0,1.3788,18.7682
2017-06-14,95.0,1.6632,18.7479
2017-06-15,95.0,1.8277,18.7107
2017-06-16,95.0,2.1623,18.7191
2017-06-19,95.0,1.5093,18.8255
2017-06-20,95.0,1.6748,18.704
2017-06-21,95.0,2.8656,18.6965
2017-06-22,95.0,1.7957,18.6836
2017-06-23,95.0,2.3098,18.713
2017-06-26,95.0,1.7724,18.7185
2017-06-27,95.0,1.5642,18.5703
2017-06-28,95.0,2.0937,18.7347
2017-06-29,95.0,2.2734,18.5836
2017-06-30,95.0,2.2441,18.6088
2017-07-03,93.4,2.1604,18.6621
2017-07-04,93.4,2.1604,18.6615
2017-07-05,93.4,2.1083,18.6973
2017-07-06,93.4,1.8037,18.521
2017-07-07,93.4,1.8383,18.6364
2017-07-10,93.4,1.6899,18.6523
2017-07-11,93.4,2.1481,18.6412
2017-07-12,93.4,1.582,18.7775
2017-07-13,93.4,1.5711,18.8189
2017-07-14,93.4,1.4567,18.9208
2017-07-17,93.4,1.5654,18.8529
2017-07-18,93.4,1.3626,18.8585
2017-07-19,93.4,1.3781,18.9608
2017-07-20,93.4,1.3062,18.9541
2017-07-21,93.4,1.8118,18.9371
2017-07-24,93.4,1.8042,18.9358
2017-07-25,93.4,1.3206,18.9912
2017-07-26,93.4,1.6593,18.9634
2017-07-27,93.4,2.1378,18.8542
2017-07-28,93.4,2.3643,18.8321
2017-07-31,93.4,1.9873,18.8193
2017-08-01,96.8,1.5835,18.8523
2017-08-02,96.8,2.2122,18.8746
2017-08-03,96.8,2.3652,18.7811
2017-08-04,96.8,1.9105,18.816
2017-08-07,96.8,1.8843,18.8481
2017-08-08,96.8,2.062,18.8046
2017-08-09,96.8,2.4779,18.7996
2017-08-10,96.8,2.0892,18.5142
2017-08-11,96.8,2.7433,18.5341
2017-08-14,96.8,1.9853,18.7222
2017-08-15,96.8,2.1572,18.7145
2017-08-16,96.8,2.2237,18.7486
2017-08-17,96.8,2.0677,18.4635
2017-08-18,96.8,2.0968,18.4292
2017-08-21,96.8,2.1185,18.4501
2017-08-22,96.8,1.7411,18.6463
2017-08-23,96.8,1.8487,18.5833
2017-08-24,96.8,1.9492,18.5673
2017-08-25,96.8,2.1693,18.5962
2017-08-28,96.8,1.8202,18.611
2017-08-29,96.8,1.614,18.6221
2017-08-30,96.8,1.6294,18.7095
2017-08-31,96.8,1.6398,18.8183
2017-09-01,95.1,1.8973,18.8817
2017-09-04,95.1,1.8973,18.8818
2017-09-05,95.1,2.3118,18.7575
2017-09-06,95.1,1.7834,18.8237
2017-09-07,95.1,2.3312,18.8179
2017-09-08,95.1,2.4108,18.7849
2017-09-11,95.1,1.4306,18.9983
2017-09-12,95.1,1.3321,19.0698
2017-09-13,95.1,1.9688,19.0812
2017-09-14,95.1,1.6604,19.0581
2017-09-15,95.1,2.4768,19.0947
2017-09-18,95.1,1.4888,19.1045
2017-09-19,95.1,1.3244,19.1327
2017-09-20,95.1,1.9257,19.1467
2017-09-21,95.1,1.66,19.0896
2017-09-22,95.1,2.4389,19.107
2017-09-25,95.1,1.8217,19.0647
2017-09-26,95.1,2.0956,19.0578
2017-09-27,95.1,1.7073,19.1411
2017-09-28,95.1,1.3056,19.1713
2017-09-29,95.1,1.8307,19.2477
2017-10-02,100.7,1.3967,19.3383
2017-10-03,100.7,1.2033,19.3806
2017-10-04,100.7,1.5207,19.4006
2017-10-05,100.7,1.2277,19.5268
2017-10-06,100.7,1.4438,19.5042
2017-10-09,100.7,2.3532,19.4794
2017-10-10,100.7,1.3363,19.5365
2017-10-11,100.7,2.4276,19.5855
2017-10-12,100.7,1.8019,19.5463
2017-10-13,100.7,2.0474,19.5458
2017-10-16,100.7,2.0259,19.5819
2017-10-17,100.7,1.4262,19.5912
2017-10-18,100.7,1.5427,19.6054
2017-10-19,100.7,1.6209,19.6101
2017-10-20,100.7,1.5499,19.7188
2017-10-23,100.7,1.7438,19.6893
2017-10-24,100.7,1.9186,19.7069
2017-10-25,100.7,2.4852,19.5991
2017-10-26,100.7,2.1997,19.6033
2017-10-27,100.7,1.4131,19.7268
2017-10-30,100.7,1.7774,19.6548
2017-10-31,100.7,2.1218,19.6727
2017-11-01,98.5,1.5599,19.708
2017-11-02,98.5,1.8418,19.687
2017-11-03,98.5,1.8238,19.8023
2017-11-06,98.5,1.6235,19.8445
2017-11-07,98.5,1.6705,19.8361
2017-11-08,98.5,2.1801,19.8648
2017-11-09,98.5,1.8548,19.7956
2017-11-10,98.5,2.7078,19.7763
2017-11-13,98.5,1.7591,19.8071
2017-11-14,98.5,1.8709,19.7848
2017-11-15,98.5,1.8712,19.6825
2017-11-16,98.5,1.7389,19.7878
2017-11-17,98.5,1.9483,19.7131
2017-11-20,98.5,1.6801,19.7366
2017-11-21,98.5,1.2102,19.8807
2017-11-22,98.5,2.3385,19.8632
2017-11-23,98.5,2.3385,19.862
2017-11-24,98.5,2.1007,19.9026
2017-11-27,98.5,1.6423,19.8945
2017-11-28,98.5,1.136,20.0897
2017-11-29,98.5,1.371,20.0836
2017-11-30,98.5,1.213,20.2438
2017-12-01,95.9,1.7596,20.1963
2017-12-04,95.9,1.3686,20.1768
2017-12-05,95.9,1.9509,20.0955
2017-12-06,95.9,1.5562,20.1177
2017-12-07,95.9,1.8245,20.1798
2017-12-08,95.9,1.5367,20.2898
2017-12-11,95.9,1.4799,20.3516
2017-12-12,95.9,1.3182,20.3796
2017-12-13,95.9,1.4164,20.3703
2017-12-14,95.9,1.4572,20.2957
2017-12-15,95.9,1.5939,20.4769
2017-12-18,95.9,1.35,20.5271
2017-12-19,95.9,1.7384,20.45
2017-12-20,95.9,1.8516,20.4269
2017-12-21,95.9,1.5281,20.4654
2017-12-22,95.9,2.0806,20.4555
2017-12-25,95.9,2.0806,20.4556
2017-12-26,95.9,1.6253,20.4286
2017-12-27,95.9,1.9215,20.4451
2017-12-28,95.9,2.2211,20.4825
2017-12-29,95.9,2.3712,20.3754
2018-01-01,95.7,2.3712,20.3753
2018-01-02,95.7,2.1433,20.5435
2018-01-03,95.7,1.2516,20.6821
2018-01-04,95.7,1.0783,20.7711
2018-01-05,95.7,1.7637,20.9265
2018-01-08,95.7,1.498,20.9552
2018-01-09,95.7,1.4137,20.9794
2018-01-10,95.7,2.076,20.9433
2018-01-11,95.7,1.0928,21.0852
2018-01-12,95.7,1.3401,21.254
2018-01-15,95.7,1.3401,21.2554
2018-01-16,95.7,1.2771,21.185
2018-01-17,95.7,1.4003,21.3603
2018-01-18,95.7,1.2883,21.314
2018-01-19,95.7,1.8879,21.4014
2018-01-22,95.7,1.5235,21.5811
2018-01-23,95.7,0.9242,21.6555
2018-01-24,95.7,1.3495,21.7125
2018-01-25,95.7,1.7147,21.7613
2018-01-26,95.7,1.4277,22.0228
2018-01-29,95.7,1.3288,21.8741
2018-01-30,95.7,1.4475,21.7426
2018-01-31,95.7,1.5313,21.9526
2018-02-01,99.7,1.8083,22.1069
2018-02-02,99.7,2.2615,21.6832
2018-02-05,99.7,2.7582,20.7817
2018-02-06,99.7,2.7055,21.1804
2018-02-07,99.7,1.9173,21.0683
2018-02-08,99.7,2.3586,20.3515
2018-02-09,99.7,2.4761,20.6716
2018-02-12,99.7,1.8337,20.9653
2018-02-13,99.7,1.8969,21.0513
2018-02-14,99.7,1.6281,21.3177
2018-02-15,99.7,1.2848,21.5691
2018-02-16,99.7,1.426,21.7191
2018-02-19,99.7,1.426,21.7183
2018-02-20,99.7,2.1267,17.2745
2018-02-21,99.7,1.8553,17.1825
2018-02-22,99.7,1.805,17.2009
2018-02-23,99.7,1.5636,17.4711
2018-02-26,99.7,1.3681,17.6671
2018-02-27,99.7,1.5464,17.4424
2018-02-28,99.7,1.8512,17.249
2018-03-01,101.4,2.1397,17.0137
2018-03-02,101.4,2.065,17.1036
2018-03-05,101.4,1.7476,17.2894
2018-03-06,101.4,1.5366,17.3306
2018-03-07,101.4,2.0878,17.3331
2018-03-08,101.4,1.2166,17.4115
2018-03-09,101.4,1.1212,17.7142
2018-03-12,101.4,1.3133,17.6825
2018-03-13,101.4,1.3865,17.5683
2018-03-14,101.4,1.472,17.4673
2018-03-15,101.4,1.3425,17.4598
2018-03-16,101.4,1.6133,17.4878
2018-03-19,101.4,1.8794,17.1939
2018-03-20,101.4,1.2488,17.2151
2018-03-21,101.4,2.53,17.1834
2018-03-22,101.4,1.8989,16.7453
2018-03-23,101.4,2.4738,16.3874
2018-03-26,101.4,1.9816,16.8358
2018-03-27,101.4,1.6113,16.5561
2018-03-28,101.4,1.8188,16.5083
2018-03-29,101.4,1.3898,16.7359
2018-03-30,101.4,1.3898,16.736
2018-04-02,98.8,1.739,16.3646
2018-04-03,98.8,1.4418,16.5693
2018-04-04,98.8,1.7592,16.7628
2018-04-05,98.8,1.5759,16.8818
2018-04-06,98.8,1.511,16.5109
2018-04-09,98.8,1.5057,16.5655
2018-04-10,98.8,1.506,16.8433
2018-04-11,98.8,1.837,16.7389
2018-04-12,98.8,1.5482,16.865
2018-04-13,98.8,1.4895,16.82
2018-04-16,98.8,1.5512,16.9632
2018-04-17,98.8,1.426,17.1477
2018-04-18,98.8,2.0519,17.1466
2018-04-19,98.8,1.4176,17.0385
2018-04-20,98.8,1.6685,16.8885
2018-04-23,98.8,1.8951,16.8929
2018-04-24,98.8,1.7961,16.6579
2018-04-25,98.8,1.6772,16.6729
2018-04-26,98.8,1.5562,16.802
2018-04-27,98.8,1.9169,16.7648
2018-04-30,98.8,1.6658,16.6282
2018-05-01,98.0,1.7141,16.6577
2018-05-02,98.0,1.4429,16.5236
2018-05-03,98.0,1.3963,16.4928
2018-05-04,98.0,1.6299,16.7079
2018-05-07,98.0,1.5814,16.761
2018-05-08,98.0,1.5043,16.7533
2018-05-09,98.0,1.2642,16.9097
2018-05-10,98.0,1.1522,17.0593
2018-05-11,98.0,1.4723,17.0975
2018-05-14,98.0,1.3781,17.1031
2018-05-15,98.0,1.7303,16.9795
2018-05-16,98.0,2.0616,17.0515
2018-05-17,98.0,1.3493,17.0324
2018-05-18,98.0,1.9768,16.9875
2018-05-21,98.0,1.4116,17.1105
2018-05-22,98.0,1.3272,17.0454
2018-05-23,98.0,1.4541,17.0961
2018-05-24,98.0,1.6384,17.0709
2018-05-25,98.0,2.1105,17.0298
2018-05-28,98.0,2.1105,17.0296
2018-05-29,98.0,1.8095,16.8344
2018-05-30,98.0,1.6523,17.0381
2018-05-31,98.0,1.6747,16.9404
2018-06-01,98.2,1.8764,17.1112
2018-06-04,98.2,1.4768,17.1874
2018-06-05,98.2,1.665,17.1973
2018-06-06,98.2,1.4433,17.3465
2018-06-07,98.2,1.4692,17.3378
2018-06-08,98.2,1.6693,17.3857
2018-06-11,98.2,1.1664,17.3918
2018-06-12,98.2,1.283,17.423
2018-06-13,98.2,1.1872,17.3536
2018-06-14,98.2,1.3348,17.3834
2018-06-15,98.2,1.9617,17.3632
2018-06-18,98.2,1.5729,17.291
2018-06-19,98.2,1.8305,17.2187
2018-06-20,98.2,2.0784,17.2589
2018-06-21,98.2,1.6875,17.142
2018-06-22,98.2,2.0858,17.1757
2018-06-25,98.2,2.1123,16.9305
2018-06-26,98.2,1.794,16.9643
2018-06-27,98.2,1.6445,16.8135
2018-06-28,98.2,1.4986,16.9142
2018-06-29,98.2,2.2274,16.9297
2018-07-02,97.9,1.4405,16.98
2018-07-03,97.9,1.9522,16.898
2018-07-04,97.9,1.9522,16.8978
2018-07-05,97.9,1.6768,17.0438
2018-07-06,97.9,1.7552,17.1905
2018-07-09,97.9,1.5638,17.3453
2018-07-10,97.9,1.5601,17.4029
2018-07-11,97.9,1.6841,17.2787
2018-07-12,97.9,1.2465,17.4314
2018-07-13,97.9,1.3711,17.4504
2018-07-16,97.9,1.94,17.4276
2018-07-17,97.9,1.3792,17.5021
2018-07-18,97.9,1.4662,17.5259
2018-07-19,97.9,1.5705,17.4428
2018-07-20,97.9,2.1792,17.421
2018-07-23,97.9,1.9557,17.4493
2018-07-24,97.9,1.4397,17.5292
2018-07-25,97.9,1.1996,17.6787
2018-07-26,97.9,0.9238,17.6286
2018-07-27,97.9,1.9302,17.5027
2018-07-30,97.9,1.8831,17.4111
2018-07-31,97.9,1.626,17.4762
2018-08-01,96.2,2.0212,17.4577
2018-08-02,96.2,2.1517,17.5437
2018-08-03,96.2,1.862,17.6476
2018-08-06,96.2,1.357,17.7101
2018-08-07,96.2,1.3156,17.7637
2018-08-08,96.2,1.3147,17.7544
2018-08-09,96.2,1.3679,17.7294
2018-08-10,96.2,2.1689,17.5983
2018-08-13,96.2,2.6694,17.532
2018-08-14,96.2,2.4806,17.6406
2018-08-15,96.2,1.7935,17.5048
2018-08-16,96.2,1.7874,17.6439
2018-08-17,96.2,1.8061,17.7049
2018-08-20,96.2,1.8407,17.7493
2018-08-21,96.2,1.1495,17.793
2018-08-22,96.2,1.5374,17.7902
2018-08-23,96.2,1.3795,17.7582
2018-08-24,96.2,2.1031,17.8704
2018-08-27,96.2,0.9872,18.0077
2018-08-28,96.2,1.2044,18.0177
2018-08-29,96.2,0.9109,18.1239
2018-08-30,96.2,1.2785,18.044
2018-08-31,96.2,1.7857,18.048
2018-09-03,100.1,1.7857,18.0477
2018-09-04,100.1,1.5613,18.0149
2018-09-05,100.1,1.5728,17.965
2018-09-06,100.1,1.8775,17.9112
2018-09-07,100.1,2.2633,17.8715
2018-09-10,100.1,2.456,17.9031
2018-09-11,100.1,1.8049,17.9658
2018-09-12,100.1,1.8292,17.9726
2018-09-13,100.1,1.7858,18.0686
2018-09-14,100.1,1.7345,18.0767
2018-09-17,100.1,1.7367,17.988
2018-09-18,100.1,1.5852,18.0878
2018-09-19,100.1,2.3998,18.1095
2018-09-20,100.1,1.589,18.2515
2018-09-21,100.1,1.6844,18.2483
2018-09-24,100.1,1.8875,18.0903
2018-09-25,100.1,2.0583,18.0702
2018-09-26,100.1,1.7221,18.0144
2018-09-27,100.1,2.2248,18.0667
2018-09-28,100.1,2.1337,18.0658
2018-10-01,98.6,1.6589,18.128
2018-10-02,98.6,1.9755,18.1254
2018-10-03,98.6,1.6261,18.1394
2018-10-04,98.6,2.1151,17.9901
2018-10-05,98.6,2.1847,17.8912
2018-10-08,98.6,1.7577,17.883
2018-10-09,98.6,1.8855,17.8553
2018-10-10,98.6,1.9087,17.273
2018-10-11,98.6,2.4864,16.9284
2018-10-12,98.6,2.1346,17.1628
2018-10-15,98.6,1.6273,17.0563
2018-10-16,98.6,1.5611,17.4266
2018-10-17,98.6,2.2571,17.418
2018-10-18,98.6,1.7408,17.1702
2018-10-19,98.6,1.8075,17.1682
2018-10-22,98.6,1.7443,17.0949
2018-10-23,98.6,1.4509,16.9991
2018-10-24,98.6,1.8721,16.4549
2018-10-25,98.6,1.4294,16.7504
2018-10-26,98.6,2.2253,16.4579
2018-10-29,98.6,1.8079,16.3474
2018-10-30,98.6,1.6622,16.5981
2018-10-31,98.6,1.3359,16.7717
2018-11-01,97.5,1.4455,16.9444
2018-11-02,97.5,1.3467,16.8578
2018-11-05,97.5,1.6288,16.9397
2018-11-06,97.5,1.2942,17.0462
2018-11-07,97.5,1.4393,17.414
2018-11-08,97.5,1.5181,17.37
2018-11-09,97.5,1.422,17.2134
2018-11-12,97.5,1.4141,16.8734
2018-11-13,97.5,1.4019,16.8508
2018-11-14,97.5,1.9099,16.7221
2018-11-15,97.5,1.4258,16.9069
2018-11-16,97.5,1.3865,16.9503
2018-11-19,97.5,1.471,16.6955
2018-11-20,97.5,1.2561,16.3998
2018-11-21,97.5,1.8765,16.4487
2018-11-22,97.5,1.8765,16.4489
2018-11-23,97.5,1.6785,16.3412
2018-11-26,97.5,1.573,16.6
2018-11-27,97.5,1.4019,16.6614
2018-11-28,97.5,1.1937,17.0503
2018-11-29,97.5,1.173,17.0123
2018-11-30,97.5,1.0961,17.1507
2018-12-03,98.3,1.4571,17.3653
2018-12-04,98.3,1.5819,16.8179
2018-12-05,98.3,1.5819,16.8196
2018-12-06,98.3,1.7795,16.8149
2018-12-07,98.3,1.9042,16.4368
2018-12-10,98.3,1.3249,16.4647
2018-12-11,98.3,1.4914,16.4607
2018-12-12,98.3,1.4958,16.5367
2018-12-13,98.3,1.3602,16.5409
2018-12-14,98.3,1.6919,16.2274
2018-12-17,98.3,1.8335,15.8977
2018-12-18,98.3,1.6055,15.9048
2018-12-19,98.3,1.8933,15.6657
2018-12-20,98.3,2.0487,15.4239
2018-12-21,98.3,2.0613,15.1172
2018-12-24,98.3,1.8961,14.6762
2018-12-25,98.3,1.8961,14.6762
2018-12-26,98.3,1.7669,15.4042
2018-12-27,98.3,1.2546,15.5365
2018-12-28,98.3,1.2733,15.5175
2018-12-31,98.3,1.3293,15.6503
2019-01-01,91.2,1.3293,15.6503
2019-01-02,91.2,1.5524,15.6811
2019-01-03,91.2,1.7579,15.3133
2019-01-04,91.2,1.4184,15.8433
2019-01-07,91.2,1.6358,15.9545
2019-01-08,91.2,1.5096,16.104
2019-01-09,91.2,1.3875,16.1709
2019-01-10,91.2,1.6157,16.2482
2019-01-11,91.2,1.737,16.2492
2019-01-14,91.2,1.5473,16.1676
2019-01-15,91.2,1.5628,16.3662
2019-01-16,91.2,1.8222,16.3873
2019-01-17,91.2,1.2836,16.5166
2019-01-18,91.2,1.3582,16.7357
2019-01-21,91.2,1.3582,16.738
2019-01-22,91.2,1.4722,16.5231
2019-01-23,91.2,1.9203,16.5855
2019-01-24,91.2,1.839,16.6127
2019-01-25,91.2,1.2298,16.7729
2019-01-28,91.2,1.6333,16.6334
2019-01-29,91.2,1.7921,16.7796
2019-01-30,91.2,1.2873,17.1474
2019-01-31,91.2,1.2892,17.3667
2019-02-01,93.8,1.8622,17.3566
2019-02-04,93.8,1.5348,17.6105
2019-02-05,93.8,1.48,17.6749
2019-02-06,93.8,1.709,17.6407
2019-02-07,93.8,1.6179,17.5021
2019-02-08,93.8,2.2535,17.5093
2019-02-11,93.8,1.4386,17.5106
2019-02-12,93.8,1.4182,17.7589
2019-02-13,93.8,1.9966,17.8461
2019-02-14,93.8,1.3982,17.8104
2019-02-15,93.8,1.3546,17.9437
2019-02-18,93.8,1.3546,17.9436
2019-02-19,93.8,1.594,17.992
2019-02-20,93.8,1.4045,16.7768
2019-02-21,93.8,1.6223,16.7282
2019-02-22,93.8,1.8669,16.8431
2019-02-25,93.8,2.0393,16.8687
2019-02-26,93.8,1.8027,16.8557
2019-02-27,93.8,2.0557,16.8444
2019-02-28,93.8,1.8228,16.8001
2019-03-01,98.4,1.9753,16.9168
2019-03-04,98.4,1.9263,16.8576
2019-03-05,98.4,1.8738,16.8422
2019-03-06,98.4,1.7024,16.7331
2019-03-07,98.4,1.5998,16.5936
2019-03-08,98.4,1.6521,16.556
2019-03-11,98.4,1.5817,16.7992
2019-03-12,98.4,1.5333,16.8558
2019-03-13,98.4,1.71,16.9767
2019-03-14,98.4,1.6037,16.9736
2019-03-15,98.4,1.6978,17.0657
2019-03-18,98.4,1.4268,17.022
2019-03-19,98.4,1.9172,17.0154
2019-03-20,98.4,1.5652,16.9728
2019-03-21,98.4,1.4734,17.1692
2019-03-22,98.4,1.7178,16.8434
2019-03-25,98.4,1.661,16.8321
2019-03-26,98.4,1.9504,16.9567
2019-03-27,98.4,1.7363,16.8854
2019-03-28,98.4,1.2786,16.9503
2019-03-29,98.4,1.6976,17.0701
2019-04-01,97.2,1.3659,17.2768
2019-04-02,97.2,1.7358,17.2728
2019-04-03,97.2,1.4663,17.3366
2019-04-04,97.2,1.4503,17.363
2019-04-05,97.2,1.3505,17.4495
2019-04-08,97.2,1.3546,17.4818
2019-04-09,97.2,1.5048,17.3817
2019-04-10,97.2,2.0724,17.4456
2019-04-11,97.2,2.1614,17.4484
2019-04-12,97.2,1.5479,17.5625
2019-04-15,97.2,1.6751,17.5342
2019-04-16,97.2,2.1082,17.5463
2019-04-17,97.2,1.3968,17.5068
2019-04-18,97.2,1.7884,17.5384
2019-04-19,97.2,1.7884,17.5381
2019-04-22,97.2,1.4628,17.5387
2019-04-23,97.2,1.5388,17.6883
2019-04-24,97.2,1.8509,17.6311
2019-04-25,97.2,1.8032,17.6266
2019-04-26,97.2,1.8705,17.7178
2019-04-29,97.2,1.5819,17.743
2019-04-30,97.2,1.9667,17.7578
2019-05-01,100.0,1.703,17.6129
2019-05-02,100.0,1.5233,17.5785
2019-05-03,100.0,1.9099,17.7442
2019-05-06,100.0,2.1454,17.6542
2019-05-07,100.0,2.2962,17.3726
2019-05-08,100.0,1.983,17.3539
2019-05-09,100.0,2.5057,17.3135
2019-05-10,100.0,1.9328,17.383
2019-05-13,100.0,1.7269,16.9655
2019-05-14,100.0,1.9519,17.1053
2019-05-15,100.0,1.902,17.207
2019-05-16,100.0,1.3166,17.3655
2019-05-17,100.0,1.9376,17.2661
2019-05-20,100.0,1.7958,17.1512
2019-05-21,100.0,1.8855,17.2976
2019-05-22,100.0,1.735,17.2532
2019-05-23,100.0,1.6077,17.0591
2019-05-24,100.0,1.8146,17.083
2019-05-27,100.0,1.8146,17.0854
2019-05-28,100.0,1.9261,16.9502
2019-05-29,100.0,2.0674,16.8347
2019-05-30,100.0,1.7517,16.8705
2019-05-31,100.0,1.6346,16.652
2019-06-03,98.2,1.9247,16.6116
2019-06-04,98.2,1.5198,16.9751
2019-06-05,98.2,1.6143,17.1185
2019-06-06,98.2,1.4172,17.233
2019-06-07,98.2,1.4871,17.4216
2019-06-10,98.2,1.056,17.5022
2019-06-11,98.2,1.4322,17.5007
2019-06-12,98.2,1.5455,17.4651
2019-06-13,98.2,1.8444,17.5615
2019-06-14,98.2,1.8634,17.5387
2019-06-17,98.2,1.9727,17.5759
2019-06-18,98.2,1.4801,17.7388
2019-06-19,98.2,1.5271,17.7913
2019-06-20,98.2,1.2352,17.967
2019-06-21,98.2,1.7891,17.9504
2019-06-24,98.2,1.3818,17.8862
2019-06-25,98.2,1.747,17.7142
2019-06-26,98.2,1.6156,17.7059
2019-06-27,98.2,1.691,17.7851
2019-06-28,98.2,1.3601,17.889
2019-07-01,98.4,1.5242,18.047
2019-07-02,98.4,1.5367,18.0983
2019-07-03,98.4,1.0936,18.2306
2019-07-04,98.4,1.0936,18.2304
2019-07-05,98.4,1.6382,18.2033
2019-07-08,98.4,1.6231,18.1263
2019-07-09,98.4,2.1404,18.1585
2019-07-10,98.4,1.7377,18.2386
2019-07-11,98.4,1.811,18.2934
2019-07-12,98.4,1.8874,18.3777
2019-07-15,98.4,1.8152,18.3902
2019-07-16,98.4,1.7149,18.3336
2019-07-17,98.4,2.0248,18.2078
2019-07-18,98.4,1.7455,18.2666
2019-07-19,98.4,2.4235,18.1477
2019-07-22,98.4,1.7926,18.1981
2019-07-23,98.4,1.6091,18.3174
2019-07-24,98.4,1.5404,18.3957
2019-07-25,98.4,1.9647,18.3417
2019-07-26,98.4,1.6454,18.4793
2019-07-29,98.4,1.9693,18.4534
2019-07-30,98.4,2.1992,18.3907
2019-07-31,98.4,1.979,18.1338
2019-08-01,89.8,2.5553,18.0022
2019-08-02,89.8,2.5258,17.8816
2019-08-05,89.8,2.6011,17.3724
2019-08-06,89.8,2.1687,17.6256
2019-08-07,89.8,1.8542,17.6427
2019-08-08,89.8,1.733,17.9727
2019-08-09,89.8,1.6322,17.8535
2019-08-12,89.8,2.2706,17.6419
2019-08-13,89.8,2.1986,17.9063
2019-08-14,89.8,2.3033,17.3948
2019-08-15,89.8,2.2975,17.444
2019-08-16,89.8,2.1996,17.6324
2019-08-19,89.8,2.3234,17.7842
2019-08-20,89.8,2.2151,17.6538
2019-08-21,89.8,2.872,17.7968
2019-08-22,89.8,2.0391,17.7984
2019-08-23,89.8,1.9134,17.3288
2019-08-26,89.8,2.2069,17.5199
2019-08-27,89.8,2.1341,17.4673
2019-08-28,89.8,2.0999,17.584
2019-08-29,89.8,2.2886,17.8187
2019-08-30,89.8,2.3865,17.8341
2019-09-02,93.2,2.3865,17.8326
2019-09-03,93.2,2.0787,17.7093
2019-09-04,93.2,2.2472,17.9033
2019-09-05,93.2,1.6259,18.1395
2019-09-06,93.2,2.2186,18.1567
2019-09-09,93.2,2.259,18.1568
2019-09-10,93.2,1.6123,18.1686
2019-09-11,93.2,1.5539,18.3089
2019-09-12,93.2,1.6912,18.3854
2019-09-13,93.2,2.1066,18.378
2019-09-16,93.2,2.315,18.3231
2019-09-17,93.2,1.7726,18.3761
2019-09-18,93.2,1.8471,18.3846
2019-09-19,93.2,1.8503,18.3851
2019-09-20,93.2,1.9528,18.2954
2019-09-23,93.2,2.289,18.2491
2019-09-24,93.2,2.4815,18.0962
2019-09-25,93.2,2.0333,18.2081
2019-09-26,93.2,1.9004,18.1719
2019-09-27,93.2,2.3546,18.0777
2019-09-30,93.2,2.2533,18.1697
2019-10-01,95.5,2.063,17.9497
2019-10-02,95.5,1.826,17.639
2019-10-03,95.5,2.4435,17.7684
2019-10-04,95.5,2.3168,18.0281
2019-10-07,95.5,1.7407,17.9465
2019-10-08,95.5,1.7048,17.6755
2019-10-09,95.5,2.3073,17.8429
2019-10-10,95.5,1.7281,17.9594
2019-10-11,95.5,1.7722,18.1549
2019-10-14,95.5,1.9853,18.1429
2019-10-15,95.5,1.9727,18.3383
2019-10-16,95.5,1.7387,18.3063
2019-10-17,95.5,1.5981,18.3531
2019-10-18,95.5,1.7204,18.2926
2019-10-21,95.5,1.7247,18.4218
2019-10-22,95.5,1.9754,18.3511
2019-10-23,95.5,1.8122,18.3958
2019-10-24,95.5,1.5416,18.433
2019-10-25,95.5,1.4061,18.5235
2019-10-28,95.5,1.6743,18.682
2019-10-29,95.5,1.9408,18.6408
2019-10-30,95.5,1.9054,18.7245
2019-10-31,95.5,1.6971,18.6424
2019-11-01,96.8,1.2036,18.8251
2019-11-04,96.8,1.1764,18.8959
2019-11-05,96.8,1.6168,18.8836
2019-11-06,96.8,1.6952,18.8999
2019-11-07,96.8,0.9861,18.9643
2019-11-08,96.8,1.8653,19.01
2019-11-11,96.8,1.6515,18.9831
2019-11-12,96.8,1.8362,19.0127
2019-11-13,96.8,1.9729,19.0258
2019-11-14,96.8,1.9659,19.038
2019-11-15,96.8,1.437,19.179
2019-11-18,96.8,1.4067,19.3366
2019-11-19,96.8,1.7962,19.3281
2019-11-20,96.8,1.9604,19.2517
2019-11-21,96.8,2.5918,19.3403
2019-11-22,96.8,1.9977,19.3796
2019-11-25,96.8,1.7106,19.5257
2019-11-26,96.8,1.5756,19.5679
2019-11-27,96.8,1.2894,19.6567
2019-11-28,96.8,1.2894,19.6571
2019-11-29,96.8,2.0222,19.5786
2019-12-02,99.3,1.8074,19.4239
2019-12-03,99.3,1.6423,19.3109
2019-12-04,99.3,1.8137,19.4185
2019-12-05,99.3,2.0065,19.4696
2019-12-06,99.3,1.5641,19.6498
2019-12-09,99.3,2.2667,19.6131
2019-12-10,99.3,1.9855,19.5954
2019-12-11,99.3,1.6737,19.6452
2019-12-12,99.3,1.288,19.8383
2019-12-13,99.3,1.8485,19.8349
2019-12-16,99.3,1.2592,19.975
2019-12-17,99.3,1.5257,19.989
2019-12-18,99.3,2.072,19.9917
2019-12-19,99.3,1.3483,20.078
2019-12-20,99.3,1.2656,20.1759
2019-12-23,99.3,1.5202,20.1274
2019-12-24,99.3,2.2345,20.1238
2019-12-25,99.3,2.2345,20.1238
2019-12-26,99.3,1.8877,20.2273
2019-12-27,99.3,1.7093,20.2268
2019-12-30,99.3,1.4698,20.1029
2019-12-31,99.3,1.5139,20.1629
2020-01-01,99.8,1.5139,20.1629
2020-01-02,99.8,1.874,20.3335
2020-01-03,99.8,2.0891,20.1984
2020-01-06,99.8,1.884,20.2541
2020-01-07,99.8,1.7944,20.2008
2020-01-08,99.8,1.5164,20.3092
2020-01-09,99.8,1.358,20.4416
2020-01-10,99.8,1.9865,20.3798
2020-01-13,99.8,1.5383,20.5236
2020-01-14,99.8,1.7307,20.5176
2020-01-15,99.8,1.6824,20.5759
2020-01-16,99.8,1.6377,20.7395
2020-01-17,99.8,1.4495,20.8191
2020-01-20,99.8,1.4495,20.8209
2020-01-21,99.8,1.8757,20.744
2020-01-22,99.8,1.9417,20.8086
2020-01-23,99.8,1.9744,20.8594
2020-01-24,99.8,2.2447,20.6799
2020-01-27,99.8,1.9394,20.3534
2020-01-28,99.8,1.7065,20.5934
2020-01-29,99.8,1.9963,20.7994
2020-01-30,99.8,1.6908,21.0396
2020-01-31,99.8,1.8144,20.6395
2020-02-03,101.0,1.893,20.902
2020-02-04,101.0,1.7027,21.2553
2020-02-05,101.0,1.5623,21.4844
2020-02-06,101.0,1.518,21.6187
2020-02-07,101.0,1.9443,21.5124
2020-02-10,101.0,1.7991,21.7408
2020-02-11,101.0,1.3847,21.7809
2020-02-12,101.0,1.7545,21.9848
2020-02-13,101.0,1.8816,21.9828
2020-02-14,101.0,1.6678,22.0102
2020-02-17,101.0,1.6678,22.0119
2020-02-18,101.0,1.792,22.0019
2020-02-19,101.0,2.0342,22.0704
2020-02-20,101.0,1.8279,21.9874
2020-02-21,101.0,2.0829,21.7371
2020-02-24,101.0,2.158,18.5895
2020-02-25,101.0,2.3911,18.022
2020-02-26,101.0,2.0491,17.9734
2020-02-27,101.0,2.3524,17.1959
2020-02-28,101.0,2.1811,17.0744
2020-03-02,89.1,1.5393,17.8875
2020-03-03,89.1,1.2803,17.396
2020-03-04,89.1,1.3253,18.158
2020-03-05,89.1,1.897,17.5662
2020-03-06,89.1,2.2824,17.2796
2020-03-09,89.1,2.3246,16.0456
2020-03-10,89.1,2.2737,16.8742
2020-03-11,89.1,2.2694,16.112
2020-03-12,89.1,1.5605,14.6175
2020-03-13,89.1,1.5806,16.0461
2020-03-16,89.1,1.7463,14.3193
2020-03-17,89.1,2.0271,15.2599
2020-03-18,89.1,2.4737,14.5478
2020-03-19,89.1,1.2973,14.6935
2020-03-20,89.1,1.4203,14.1932
2020-03-23,89.1,1.3644,13.9716
2020-03-24,89.1,1.1619,15.4192
2020-03-25,89.1,1.1145,15.7392
2020-03-26,89.1,1.4378,16.8335
2020-03-27,89.1,1.4311,16.3801
2020-03-30,89.1,1.3806,17.1747
2020-03-31,89.1,1.3829,17.1078
2020-04-01,71.8,1.6302,16.4477
2020-04-02,71.8,1.5762,16.955
2020-04-03,71.8,1.7125,16.7847
2020-04-06,71.8,1.2682,18.1922
2020-04-07,71.8,1.1156,18.558
2020-04-08,71.8,1.3832,19.4873
2020-04-09,71.8,1.2721,20.0126
2020-04-10,71.8,1.2721,20.0046
2020-04-13,71.8,1.3015,19.947
2020-04-14,71.8,1.3055,20.777
2020-04-15,71.8,1.5337,20.5402
2020-04-16,71.8,1.5422,20.7618
2020-04-17,71.8,1.3321,21.3952
2020-04-20,71.8,1.5363,21.1927
2020-04-21,71.8,1.5937,20.6725
2020-04-22,71.8,1.4117,21.2487
2020-04-23,71.8,1.69,21.3225
2020-04-24,71.8,1.4957,21.7164
2020-04-27,71.8,1.6576,22.1284
2020-04-28,71.8,1.6059,22.0801
2020-04-29,71.8,1.4401,22.7045
2020-04-30,71.8,1.621,22.6149
2020-05-01,72.3,1.8003,22.1724
2020-05-04,72.3,1.4645,22.2701
2020-05-05,72.3,2.05,22.6349
2020-05-06,72.3,1.7045,22.5185
2020-05-07,72.3,1.8785,22.8387
2020-05-08,72.3,1.6004,23.2979
2020-05-11,72.3,1.3119,23.3536
2020-05-12,72.3,1.7182,23.0158
2020-05-13,72.3,1.8414,22.6416
2020-05-14,72.3,1.5453,22.9252
2020-05-15,72.3,1.4867,23.0487
2020-05-18,72.3,1.2402,23.8029
2020-05-19,72.3,1.1965,23.5491
2020-05-20,72.3,1.3436,23.9324
2020-05-21,72.3,1.4435,23.8652
2020-05-22,72.3,1.5027,23.9356
2020-05-25,72.3,1.5027,23.9338
2020-05-26,72.3,1.5543,24.228
2020-05-27,72.3,1.4013,24.5727
2020-05-28,72.3,1.2738,24.5404
2020-05-29,72.3,1.3979,24.6624
2020-06-01,78.1,1.5642,24.7471
2020-06-02,78.1,1.4138,24.9446
2020-06-03,78.1,1.0832,25.2804
2020-06-04,78.1,1.7557,25.2358
2020-06-05,78.1,1.0459,25.9303
2020-06-08,78.1,1.0738,26.2291
2020-06-09,78.1,1.9693,25.9947
2020-06-10,78.1,1.3842,25.8688
2020-06-11,78.1,2.1535,24.3565
2020-06-12,78.1,1.889,24.6712
2020-06-15,78.1,1.5212,24.8629
2020-06-16,78.1,1.5756,25.3363
2020-06-17,78.1,1.6078,25.2479
2020-06-18,78.1,2.0291,25.2629
2020-06-19,78.1,1.9978,25.1212
2020-06-22,78.1,1.9724,25.1092
2020-06-23,78.1,1.9988,25.2157
2020-06-24,78.1,1.4745,24.5606
2020-06-25,78.1,1.7305,24.868
2020-06-26,78.1,1.7414,24.2926
2020-06-29,78.1,1.9318,24.6343
2020-06-30,78.1,1.5736,24.9917
2020-07-01,72.5,1.596,25.1532
2020-07-02,72.5,1.7305,25.2527
2020-07-03,72.5,1.7305,25.2532
2020-07-06,72.5,1.8044,25.6655
2020-07-07,72.5,2.005,25.4053
2020-07-08,72.5,1.739,25.6227
2020-07-09,72.5,1.8316,25.5155
2020-07-10,72.5,1.7338,25.8167
2020-07-13,72.5,1.7347,25.5727
2020-07-14,72.5,1.7367,25.9653
2020-07-15,72.5,1.2795,26.2241
2020-07-16,72.5,1.6007,26.1159
2020-07-17,72.5,1.9292,26.1816
2020-07-20,72.5,1.3259,26.3781
2020-07-21,72.5,1.7531,26.4231
2020-07-22,72.5,1.5858,26.4748
2020-07-23,72.5,2.0938,26.0923
2020-07-24,72.5,1.6704,25.9184
2020-07-27,72.5,1.6831,26.1081
2020-07-28,72.5,1.8319,25.8843
2020-07-29,72.5,1.4719,26.1048
2020-07-30,72.5,1.5209,25.8085
2020-07-31,72.5,1.6836,25.7096
2020-08-03,74.1,1.5606,25.8683
2020-08-04,74.1,1.7638,25.9608
2020-08-05,74.1,1.3649,26.0923
2020-08-06,74.1,1.592,26.2507
2020-08-07,74.1,1.7849,26.2884
2020-08-10,74.1,1.6667,26.3589
2020-08-11,74.1,1.9302,26.1633
2020-08-12,74.1,1.5677,26.536
2020-08-13,74.1,1.8915,26.4783
2020-08-14,74.1,1.6682,26.458
2020-08-17,74.1,1.4948,26.5331
2020-08-18,74.1,1.6444,26.5677
2020-08-19,74.1,1.793,26.3862
2020-08-20,74.1,1.6168,26.4613
2020-08-21,74.1,1.6406,26.5307
2020-08-24,74.1,1.7509,26.7997
2020-08-25,74.1,1.456,26.8308
2020-08-26,74.1,1.1057,27.1144
2020-08-27,74.1,1.3215,27.1554
2020-08-28,74.1,1.6555,27.3934
2020-08-31,74.1,1.7274,27.4058
2020-09-01,80.4,1.6078,27.5388
2020-09-02,80.4,1.4323,27.9602
2020-09-03,80.4,1.7506,27.0324
2020-09-04,80.4,1.7901,26.8076
2020-09-07,80.4,1.7901,26.8075
2020-09-08,80.4,1.7473,26.0699
2020-09-09,80.4,1.5159,26.5956
2020-09-10,80.4,1.3728,26.1174
2020-09-11,80.4,1.5747,26.1088
2020-09-14,80.4,1.77,26.4199
2020-09-15,80.4,1.588,26.552
2020-09-16,80.4,1.7522,26.4076
2020-09-17,80.4,1.8503,26.1795
2020-09-18,80.4,1.7126,25.8915
2020-09-21,80.4,1.6617,25.6391
2020-09-22,80.4,1.9216,25.887
2020-09-23,80.4,1.5575,25.2761
2020-09-24,80.4,1.6638,25.3272
2020-09-25,80.4,1.5556,25.7503
2020-09-28,80.4,1.5069,26.1619
2020-09-29,80.4,1.5984,26.0507
2020-09-30,80.4,1.3974,26.2475
2020-10-01,81.8,1.5931,26.3621
2020-10-02,81.8,1.7041,26.1092
2020-10-05,81.8,1.5018,26.5656
2020-10-06,81.8,1.6685,26.1966
2020-10-07,81.8,1.6183,26.6449
2020-10-08,81.8,1.807,26.8668
2020-10-09,81.8,1.5429,27.1036
2020-10-12,81.8,1.2174,27.5528
2020-10-13,81.8,2.0347,27.3439
2020-10-14,81.8,1.4137,27.064
2020-10-15,81.8,1.6012,26.9968
2020-10-16,81.8,1.498,26.9836
2020-10-19,81.8,1.6095,26.5378
2020-10-20,81.8,1.4838,26.6429
2020-10-21,81.8,1.7494,26.5489
2020-10-22,81.8,1.6284,26.6303
2020-10-23,81.8,1.7651,26.7276
2020-10-26,81.8,1.368,26.2729
2020-10-27,81.8,1.3909,26.0616
2020-10-28,81.8,1.4057,25.0845
2020-10-29,81.8,1.7289,25.2601
2020-10-30,81.8,1.197,24.8261
2020-11-02,76.9,1.4609,25.0821
2020-11-03,76.9,1.4246,25.4815
2020-11-04,76.9,1.5545,26.0267
2020-11-05,76.9,1.9006,26.4734
2020-11-06,76.9,2.0328,26.4313
2020-11-09,76.9,1.5261,26.7144
2020-11-10,76.9,2.2598,26.6724
2020-11-11,76.9,1.9036,26.8663
2020-11-12,76.9,1.9137,26.595
2020-11-13,76.9,1.5232,26.9604
2020-11-16,76.9,1.5133,27.2428
2020-11-17,76.9,1.5885,27.0713
2020-11-18,76.9,1.7517,26.6876
2020-11-19,76.9,1.4657,26.7833
2020-11-20,76.9,1.8887,26.6097
2020-11-23,76.9,1.5435,26.7533
2020-11-24,76.9,1.767,27.1658
2020-11-25,76.9,1.8054,27.0907
2020-11-26,76.9,1.8054,27.0865
2020-11-27,76.9,2.1874,27.153
2020-11-30,76.9,1.6413,27.0256
2020-12-01,80.7,1.8604,27.3346
2020-12-02,80.7,1.5418,27.3858
2020-12-03,80.7,1.8255,27.3612
2020-12-04,80.7,1.6808,27.602
2020-12-07,80.7,1.742,27.5524
2020-12-08,80.7,1.5112,27.6192
2020-12-09,80.7,1.6329,27.3947
2020-12-10,80.7,1.6933,27.381
2020-12-11,80.7,1.8749,27.3309
2020-12-14,80.7,2.1684,27.2075
2020-12-15,80.7,2.0092,27.5404
2020-12-16,80.7,1.7953,27.5869
2020-12-17,80.7,1.7343,27.7337
2020-12-18,80.7,1.6834,27.6168
2020-12-21,80.7,1.4185,27.9398
2020-12-22,80.7,1.6875,27.8787
2020-12-23,80.7,1.605,27.9001
2020-12-24,80.7,1.516,28.0005
2020-12-25,80.7,1.516,28.0005
2020-12-28,80.7,1.4199,28.2436
2020-12-29,80.7,1.5483,28.1812
2020-12-30,80.7,1.6594,28.2193
2020-12-31,80.7,1.6417,28.4022
2021-01-01,79.0,1.6417,28.4022
2021-01-04,79.0,1.7737,27.9682
2021-01-05,79.0,1.9529,28.1539
2021-01-06,79.0,1.6399,28.319
2021-01-07,79.0,1.5227,28.7533
2021-01-08,79.0,1.656,28.8841
2021-01-11,79.0,2.1566,28.6631
2021-01-12,79.0,2.0463,28.6619
2021-01-13,79.0,1.6014,28.7297
2021-01-14,79.0,1.6578,28.6363
2021-01-15,79.0,1.6806,28.295
2021-01-18,79.0,1.6806,28.2826
2021-01-19,79.0,2.1047,28.3863
2021-01-20,79.0,1.3913,28.739
2021-01-21,79.0,2.0854,28.6559
2021-01-22,79.0,1.6197,28.5642
2021-01-25,79.0,2.0887,28.6688
2021-01-26,79.0,2.3502,28.6335
2021-01-27,79.0,1.827,28.1302
2021-01-28,79.0,1.8352,28.4351
2021-01-29,79.0,1.7026,27.8392
2021-02-01,76.8,1.8259,28.1188
2021-02-02,76.8,1.978,29.4546
2021-02-03,76.8,1.7695,29.6734
2021-02-04,76.8,1.7399,30.4699
2021-02-05,76.8,1.6367,30.5967
2021-02-08,76.8,1.6113,30.8442
2021-02-09,76.8,2.3342,31.039
2021-02-10,76.8,1.5701,31.0485
2021-02-11,76.8,1.8562,31.153
2021-02-12,76.8,1.6978,31.3192
2021-02-15,76.8,1.6978,31.3201
2021-02-16,76.8,1.8901,31.3712
2021-02-17,76.8,1.8006,31.3054
2021-02-18,76.8,1.6576,31.1807
2021-02-19,76.8,1.9944,31.0102
2021-02-22,76.8,1.6543,30.7432
2021-02-23,76.8,1.6384,22.3604
2021-02-24,76.8,1.3483,22.6307
2021-02-25,76.8,1.8208,22.0805
2021-02-26,76.8,1.7096,21.9542
2021-03-01,84.9,1.6475,22.44
2021-03-02,84.9,1.9672,22.2518
2021-03-03,84.9,1.4906,21.9526
2021-03-04,84.9,1.4278,21.6425
2021-03-05,84.9,1.4911,22.0495
2021-03-08,84.9,1.6956,21.9133
2021-03-09,84.9,1.8905,22.2174
2021-03-10,84.9,1.6278,22.3557
2021-03-11,84.9,1.4259,22.5627
2021-03-12,84.9,1.7572,22.5822
2021-03-15,84.9,1.4509,22.7036
2021-03-16,84.9,1.6059,22.6516
2021-03-17,84.9,1.4427,22.7093
2021-03-18,84.9,1.4927,22.3705
2021-03-19,84.9,1.462,22.3397
2021-03-22,84.9,1.455,22.5175
2021-03-23,84.9,1.6096,22.3452
2021-03-24,84.9,1.462,22.2196
2021-03-25,84.9,1.5132,22.3303
2021-03-26,84.9,1.6778,22.6986
2021-03-29,84.9,1.5157,22.679
2021-03-30,84.9,1.4637,22.592
2021-03-31,84.9,1.271,22.6254
2021-04-01,88.3,1.5578,22.8538
2021-04-02,88.3,1.5578,22.8515
2021-04-05,88.3,1.3904,23.1539
2021-04-06,88.3,1.8071,23.1189
2021-04-07,88.3,1.7419,23.1325
2021-04-08,88.3,1.7477,23.2066
2021-04-09,88.3,1.533,23.3769
2021-04-12,88.3,1.6161,23.3492
2021-04-13,88.3,1.5873,23.42
2021-04-14,88.3,1.7012,23.2252
2021-04-15,88.3,1.3766,23.3527
2021-04-16,88.3,1.5028,23.3885
2021-04-19,88.3,1.8957,23.1725
2021-04-20,88.3,1.7709,23.0146
2021-04-21,88.3,1.5415,23.22
2021-04-22,88.3,1.8262,22.9383
2021-04-23,88.3,1.5982,23.1619
2021-04-26,88.3,1.6133,23.1737
2021-04-27,88.3,1.892,23.0431
2021-04-28,88.3,1.689,22.6716
2021-04-29,88.3,1.4923,22.7242
2021-04-30,88.3,1.7494,22.4791
2021-05-03,82.9,1.766,22.4656
2021-05-04,82.9,1.6173,22.2644
2021-05-05,82.9,1.9045,22.2377
2021-05-06,82.9,1.7932,22.3863
2021-05-07,82.9,1.7651,22.5422
2021-05-10,82.9,2.0441,22.2837
2021-05-11,82.9,2.0235,22.0823
2021-05-12,82.9,1.9256,21.6093
2021-05-13,82.9,2.2787,21.8529
2021-05-14,82.9,2.002,22.1779
2021-05-17,82.9,2.175,22.0914
2021-05-18,82.9,2.3505,21.8773
2021-05-19,82.9,1.7646,21.7909
2021-05-20,82.9,1.8745,22.0084
2021-05-21,82.9,1.7644,21.9654
2021-05-24,82.9,1.7436,22.174
2021-05-25,82.9,1.7237,22.1205
2021-05-26,82.9,1.8122,22.1523
2021-05-27,82.9,1.9306,22.1637
2021-05-28,82.9,1.8418,22.1783
2021-05-31,82.9,1.8418,22.1724
2021-06-01,85.5,1.8187,22.1731
2021-06-02,85.5,1.8609,22.2066
2021-06-03,85.5,1.6336,22.1364
2021-06-04,85.5,1.8709,22.3117
2021-06-07,85.5,1.8244,22.2875
2021-06-08,85.5,2.3844,22.2893
2021-06-09,85.5,1.7421,22.242
2021-06-10,85.5,1.7412,22.3306
2021-06-11,85.5,1.8156,22.3722
2021-06-14,85.5,2.033,22.4052
2021-06-15,85.5,1.8472,22.3529
2021-06-16,85.5,2.0319,22.2219
2021-06-17,85.5,1.8534,22.2052
2021-06-18,85.5,1.948,21.8985
2021-06-21,85.5,1.7776,22.1684
2021-06-22,85.5,1.834,22.2646
2021-06-23,85.5,1.8834,22.2388
2021-06-24,85.5,1.9228,22.3561
2021-06-25,85.5,1.6795,22.4304
2021-06-28,85.5,1.9186,22.475
2021-06-29,85.5,1.8659,22.4803
2021-06-30,85.5,1.6189,22.4929
2021-07-01,81.2,2.0346,22.5968
2021-07-02,81.2,1.5325,22.7581
2021-07-05,81.2,1.5325,22.7588
2021-07-06,81.2,1.8973,22.6921
2021-07-07,81.2,1.7043,22.7594
2021-07-08,81.2,1.8735,22.5575
2021-07-09,81.2,1.5557,22.8147
2021-07-12,81.2,2.0865,22.8722
2021-07-13,81.2,2.3902,22.7353
2021-07-14,81.2,1.8353,22.6924
2021-07-15,81.2,1.8814,22.5624
2021-07-16,81.2,2.2035,22.3665
2021-07-19,81.2,2.4208,21.9917
2021-07-20,81.2,1.7447,22.3058
2021-07-21,81.2,1.9185,22.4186
2021-07-22,81.2,1.6888,22.395
2021-07-23,81.2,1.3762,22.6097
2021-07-26,81.2,1.8956,22.6104
2021-07-27,81.2,1.7867,22.3105
2021-07-28,81.2,1.8693,22.1664
2021-07-29,81.2,1.7028,22.1655
2021-07-30,81.2,1.8014,22.0174
2021-08-02,70.3,2.0991,21.9227
2021-08-03,70.3,1.5173,22.0786
2021-08-04,70.3,1.9397,21.959
2021-08-05,70.3,2.1695,22.0611
2021-08-06,70.3,1.9378,22.0806
2021-08-09,70.3,2.0478,22.0342
2021-08-10,70.3,1.8202,22.0455
2021-08-11,70.3,1.8051,22.0914
2021-08-12,70.3,1.8121,22.1473
2021-08-13,70.3,2.3813,22.183
2021-08-16,70.3,1.6444,22.2334
2021-08-17,70.3,1.9453,22.0634
2021-08-18,70.3,2.1486,21.7909
2021-08-19,70.3,2.0179,21.8077
2021-08-20,70.3,1.9979,21.977
2021-08-23,70.3,1.7416,22.1656
2021-08-24,70.3,1.8642,22.2005
2021-08-25,70.3,2.0144,22.2555
2021-08-26,70.3,1.9772,22.0183
2021-08-27,70.3,2.0758,22.211
2021-08-30,70.3,1.7235,22.3262
2021-08-31,70.3,1.9397,22.2971
2021-09-01,72.8,2.0544,22.3052
2021-09-02,72.8,1.7182,22.3789
2021-09-03,72.8,2.2443,22.371
2021-09-06,72.8,2.2443,22.3709
2021-09-07,72.8,2.1497,22.291
2021-09-08,72.8,2.0696,22.2616
2021-09-09,72.8,1.8521,22.1614
2021-09-10,72.8,2.2715,21.9957
2021-09-13,72.8,2.2693,22.0652
2021-09-14,72.8,1.7362,22.059
2021-09-15,72.8,1.8754,22.2426
2021-09-16,72.8,1.9243,22.2171
2021-09-17,72.8,1.9108,22.0171
2021-09-20,72.8,1.9014,21.6188
2021-09-21,72.8,1.9138,21.6096
2021-09-22,72.8,1.7998,21.818
2021-09-23,72.8,1.7712,22.0862
2021-09-24,72.8,2.0476,22.1295
2021-09-27,72.8,2.2591,22.0397
2021-09-28,72.8,1.939,21.5971
2021-09-29,72.8,1.6273,21.6339
2021-09-30,72.8,1.6193,21.3673
2021-10-01,71.7,1.4947,21.613
2021-10-04,71.7,1.7836,21.3328
2021-10-05,71.7,1.6695,21.5658
2021-10-06,71.7,1.4619,21.6487
2021-10-07,71.7,1.7767,21.8193
2021-10-08,71.7,2.1077,21.7802
2021-10-11,71.7,1.8808,21.6385
2021-10-12,71.7,1.7315,21.5864
2021-10-13,71.7,2.0454,21.6347
2021-10-14,71.7,1.5668,21.9612
2021-10-15,71.7,1.6742,22.0916
2021-10-18,71.7,1.9382,22.1301
2021-10-19,71.7,1.7167,22.2801
2021-10-20,71.7,1.618,22.3602
2021-10-21,71.7,1.8022,22.3909
2021-10-22,71.7,1.7447,22.3505
2021-10-25,71.7,1.6565,22.4555
2021-10-26,71.7,1.7806,22.4657
2021-10-27,71.7,1.6701,22.337
2021-10-28,71.7,1.6109,22.5415
2021-10-29,71.7,1.8604,22.6028
2021-11-01,67.4,1.8504,22.6187
2021-11-02,67.4,2.0021,22.6867
2021-11-03,67.4,1.5052,22.82
2021-11-04,67.4,1.9866,22.9096
2021-11-05,67.4,1.5838,22.9947
2021-11-08,67.4,2.0199,23.0099
2021-11-09,67.4,1.8397,22.934
2021-11-10,67.4,1.8563,22.7538
2021-11-11,67.4,1.8086,22.7704
2021-11-12,67.4,1.8237,22.9424
2021-11-15,67.4,1.9185,22.9382
2021-11-16,67.4,1.7107,23.0075
2021-11-17,67.4,1.7076,22.952
2021-11-18,67.4,1.8231,23.0215
2021-11-19,67.4,2.1834,22.985
2021-11-22,67.4,1.6184,22.9055
2021-11-23,67.4,1.8861,22.944
2021-11-24,67.4,1.9056,22.9989
2021-11-25,67.4,1.9056,22.9996
2021-11-26,67.4,2.2904,22.4783
2021-11-29,67.4,2.0691,22.7732
2021-11-30,67.4,1.8655,22.3468
2021-12-01,70.6,2.1297,22.0835
2021-12-02,70.6,2.1046,22.3974
2021-12-03,70.6,2.2329,22.2128
2021-12-06,70.6,2.3818,22.47
2021-12-07,70.6,1.836,22.9336
2021-12-08,70.6,2.1043,22.9986
2021-12-09,70.6,2.187,22.8486
2021-12-10,70.6,2.4218,23.0646
2021-12-13,70.6,2.0419,22.8536
2021-12-14,70.6,1.5101,22.6862
2021-12-15,70.6,1.6365,23.0546
2021-12-16,70.6,1.6132,22.8524
2021-12-17,70.6,1.8163,22.6166
2021-12-20,70.6,1.7633,22.2904
2021-12-21,70.6,2.1442,22.6869
2021-12-22,70.6,1.4575,22.918
2021-12-23,70.6,1.6145,23.0576
2021-12-24,70.6,1.6145,23.0576
2021-12-27,70.6,1.3754,23.3771
2021-12-28,70.6,1.5225,23.3549
2021-12-29,70.6,1.714,23.3888
2021-12-30,70.6,1.6802,23.3179
2021-12-31,70.6,1.4942,23.2589
2022-01-03,67.2,1.7886,23.4044
2022-01-04,67.2,2.0262,23.3879
2022-01-05,67.2,2.0945,22.933
2022-01-06,67.2,1.7446,22.9089
2022-01-07,67.2,1.8674,22.8172
2022-01-10,67.2,1.7065,22.7855
2022-01-11,67.2,1.5131,22.9913
2022-01-12,67.2,1.4385,23.042
2022-01-13,67.2,1.8534,22.7159
2022-01-14,67.2,1.8772,22.6965
2022-01-17,67.2,1.8772,22.6946
2022-01-18,67.2,1.7474,22.2701
2022-01-19,67.2,1.6637,22.0388
2022-01-20,67.2,1.7669,21.8189
2022-01-21,67.2,1.7524,21.4076
2022-01-24,67.2,1.96,21.4813
2022-01-25,67.2,1.4395,21.2476
2022-01-26,67.2,1.652,21.3079
2022-01-27,67.2,1.7724,21.1961
2022-01-28,67.2,1.4464,21.6983
2022-01-31,67.2,1.5853,22.1217
2022-02-01,62.8,1.5626,22.4434
2022-02-02,62.8,1.4327,22.7183
2022-02-03,62.8,1.733,22.2408
2022-02-04,62.8,1.4523,22.4944
2022-02-07,62.8,1.5717,22.4491
2022-02-08,62.8,1.7276,22.6871
2022-02-09,62.8,1.5044,23.0443
2022-02-10,62.8,1.6231,22.6618
2022-02-11,62.8,2.0181,22.2194
2022-02-14,62.8,1.7596,22.1412
2022-02-15,62.8,2.074,22.5393
2022-02-16,62.8,1.6531,22.5608
2022-02-17,62.8,1.451,22.115
2022-02-18,62.8,1.5343,19.4621
2022-02-21,62.8,1.5343,19.4647
2022-02-22,62.8,1.3852,19.2658
2022-02-23,62.8,1.2037,18.9122
2022-02-24,62.8,1.5686,19.2069
2022-02-25,62.8,1.2977,19.6477
2022-02-28,62.8,1.5,19.583
2022-03-01,59.4,1.6608,19.2675
2022-03-02,59.4,1.7097,19.6265
2022-03-03,59.4,1.4829,19.4989
2022-03-04,59.4,2.0013,19.3405
2022-03-07,59.4,1.8451,18.7483
2022-03-08,59.4,1.7968,18.6046
2022-03-09,59.4,1.6385,19.0728
2022-03-10,59.4,1.3863,18.9465
2022-03-11,59.4,1.8569,18.6658
2022-03-14,59.4,1.8067,18.5054
2022-03-15,59.4,1.9281,18.8893
2022-03-16,59.4,1.5574,19.3193
2022-03-17,59.4,1.4983,19.5522
2022-03-18,59.4,1.449,19.7634
2022-03-21,59.4,1.6866,19.6906
2022-03-22,59.4,1.9031,19.9202
2022-03-23,59.4,1.7767,19.6569
2022-03-24,59.4,1.7693,19.9398
2022-03-25,59.4,1.843,20.0331
2022-03-28,59.4,1.9026,20.1764
2022-03-29,59.4,1.6109,20.4113
2022-03-30,59.4,1.7324,20.2881
2022-03-31,59.4,1.7415,19.96
2022-04-01,65.2,1.791,20.0279
2022-04-04,65.2,1.8295,20.1794
2022-04-05,65.2,2.1207,19.9279
2022-04-06,65.2,1.5929,19.7222
2022-04-07,65.2,1.5844,19.7987
2022-04-08,65.2,1.7834,19.7457
2022-04-11,65.2,1.8984,19.4359
2022-04-12,65.2,1.8629,19.3721
2022-04-13,65.2,1.628,19.5757
2022-04-14,65.2,1.7912,19.3127
2022-04-15,65.2,1.7912,19.3084
2022-04-18,65.2,1.8324,19.2849
2022-04-19,65.2,1.5954,19.6011
2022-04-20,65.2,1.7555,19.5617
2022-04-21,65.2,2.0729,19.2356
2022-04-22,65.2,1.9763,18.6889
2022-04-25,65.2,1.708,18.7922
2022-04-26,65.2,1.5249,18.2593
2022-04-27,65.2,1.8192,18.309
2022-04-28,65.2,1.6445,18.8004
2022-04-29,65.2,1.955,18.1748
2022-05-02,58.4,1.6954,18.2476
2022-05-03,58.4,1.6547,18.3371
2022-05-04,58.4,1.5395,18.8927
2022-05-05,58.4,1.6481,18.2183
2022-05-06,58.4,1.5885,18.1121
2022-05-09,58.4,1.6025,17.5125
2022-05-10,58.4,1.3598,17.5497
2022-05-11,58.4,1.6583,17.2658
2022-05-12,58.4,2.0089,17.2542
2022-05-13,58.4,1.5099,17.6593
2022-05-16,58.4,1.799,17.5818
2022-05-17,58.4,1.3712,17.9259
2022-05-18,58.4,1.8172,17.2226
2022-05-19,58.4,1.5428,17.1253
2022-05-20,58.4,1.6728,17.1307
2022-05-23,58.4,1.5491,17.4476
2022-05-24,58.4,1.3733,17.2986
2022-05-25,58.4,1.3753,17.4643
2022-05-26,58.4,1.279,17.8304
2022-05-27,58.4,1.4303,18.2711
2022-05-30,58.4,1.4303,18.2685
2022-05-31,58.4,1.3159,18.1446
2022-06-01,50.0,1.6014,18.0084
2022-06-02,50.0,1.3695,18.338
2022-06-03,50.0,1.5334,18.035
2022-06-06,50.0,1.5728,18.0662
2022-06-07,50.0,1.4459,18.227
2022-06-08,50.0,1.3714,18.0281
2022-06-09,50.0,1.5624,17.5977
2022-06-10,50.0,1.7617,17.0833
2022-06-13,50.0,1.8351,16.4045
2022-06-14,50.0,1.3531,16.3489
2022-06-15,50.0,1.4656,16.5868
2022-06-16,50.0,1.7071,16.0501
2022-06-17,50.0,1.421,16.0886
2022-06-20,50.0,1.421,16.0911
2022-06-21,50.0,1.3377,16.4213
2022-06-22,50.0,1.2989,16.4052
2022-06-23,50.0,1.3428,16.5812
2022-06-24,50.0,1.4547,17.0985
2022-06-27,50.0,1.43,17.0549
2022-06-28,50.0,1.4672,16.7398
2022-06-29,50.0,1.3045,16.7348
2022-06-30,50.0,1.2178,16.6072
2022-07-01,51.5,1.426,16.7967
2022-07-04,51.5,1.426,16.7916
2022-07-05,51.5,1.3331,16.8248
2022-07-06,51.5,1.3343,16.8746
2022-07-07,51.5,1.242,17.127
2022-07-08,51.5,1.4472,17.1191
2022-07-11,51.5,1.4641,16.9276
2022-07-12,51.5,1.4545,16.7954
2022-07-13,51.5,1.3648,16.7268
2022-07-14,51.5,1.2806,16.6935
2022-07-15,51.5,1.2965,17.0055
2022-07-18,51.5,1.5482,16.8582
2022-07-19,51.5,1.1277,17.3281
2022-07-20,51.5,1.363,17.4393
2022-07-21,51.5,1.3975,17.6127
2022-07-22,51.5,1.5838,17.4526
2022-07-25,51.5,1.5242,17.4983
2022-07-26,51.5,1.3962,17.3197
2022-07-27,51.5,1.3575,17.8106
2022-07-28,51.5,1.3797,18.0875
2022-07-29,51.5,1.3573,18.364
2022-08-01,58.2,1.525,18.3049
2022-08-02,58.2,1.4393,18.1896
2022-08-03,58.2,1.1935,18.4765
2022-08-04,58.2,1.3425,18.4423
2022-08-05,58.2,1.4867,18.4276
2022-08-08,58.2,1.6287,18.4392
2022-08-09,58.2,1.4284,18.3877
2022-08-10,58.2,1.4959,18.7798
2022-08-11,58.2,1.3545,18.7743
2022-08-12,58.2,1.5166,19.0986
2022-08-15,58.2,1.2352,19.1768
2022-08-16,58.2,1.2478,19.212
2022-08-17,58.2,1.3205,19.0812
2022-08-18,58.2,1.2767,19.1224
2022-08-19,58.2,1.4352,18.8642
2022-08-22,58.2,1.5659,18.4634
2022-08-23,58.2,1.2961,18.4309
2022-08-24,58.2,1.3004,18.5226
2022-08-25,58.2,1.1614,18.7912
2022-08-26,58.2,1.4165,18.161
2022-08-29,58.2,1.4966,18.0204
2022-08-30,58.2,1.4671,17.8216
2022-08-31,58.2,1.4616,17.6921
2022-09-01,58.6,1.2783,17.758
2022-09-02,58.6,1.5307,17.5693
2022-09-05,58.6,1.5307,17.5714
2022-09-06,58.6,1.4984,17.5024
2022-09-07,58.6,1.2613,17.8312
2022-09-08,58.6,1.2101,17.9487
2022-09-09,58.6,1.3579,18.2217
2022-09-12,58.6,1.5829,18.417
2022-09-13,58.6,1.6356,17.6395
2022-09-14,58.6,1.5343,17.7105
2022-09-15,58.6,1.4855,17.5196
2022-09-16,58.6,1.4958,17.3998
2022-09-19,58.6,1.3596,17.5137
2022-09-20,58.6,1.2641,17.3202
2022-09-21,58.6,1.2658,17.0199
2022-09-22,58.6,1.5222,16.8799
2022-09-23,58.6,1.7013,16.5918
2022-09-26,58.6,1.5375,16.4248
2022-09-27,58.6,1.6898,16.3936
2022-09-28,58.6,1.3462,16.7148
2022-09-29,58.6,1.3954,16.3696
2022-09-30,58.6,1.4112,16.136
2022-10-03,59.9,1.2075,16.5542
2022-10-04,59.9,1.2721,17.0598
2022-10-05,59.9,1.0292,17.0293
2022-10-06,59.9,1.2641,16.8514
2022-10-07,59.9,1.1688,16.3883
2022-10-10,59.9,1.2399,16.2734
2022-10-11,59.9,1.2326,16.1838
2022-10-12,59.9,1.3163,16.143
2022-10-13,59.9,1.259,16.5727
2022-10-14,59.9,1.4786,16.1858
2022-10-17,59.9,1.4959,16.6375
2022-10-18,59.9,1.3099,16.8393
2022-10-19,59.9,1.3878,16.7225
2022-10-20,59.9,1.3409,16.5961
2022-10-21,59.9,1.3474,17.0
2022-10-24,59.9,1.38,17.2063
2022-10-25,59.9,1.2322,17.478
2022-10-26,59.9,1.2984,17.3934
2022-10-27,59.9,1.4609,17.3025
2022-10-28,59.9,1.1533,17.7246
2022-10-31,59.9,1.3068,17.599
2022-11-01,56.7,1.2918,17.5201
2022-11-02,56.7,1.4596,17.0946
2022-11-03,56.7,1.5489,16.9812
2022-11-04,56.7,1.4739,17.2194
2022-11-07,56.7,1.2855,17.4001
2022-11-08,56.7,1.24,17.5117
2022-11-09,56.7,1.3201,17.1613
2022-11-10,56.7,1.3845,18.1213
2022-11-11,56.7,1.2617,18.287
2022-11-14,56.7,1.2966,18.1331
2022-11-15,56.7,1.3837,18.3055
2022-11-16,56.7,1.414,18.1723
2022-11-17,56.7,1.4008,18.1116
2022-11-18,56.7,1.3733,18.1888
2022-11-21,56.7,1.3339,18.1175
2022-11-22,56.7,1.3818,18.3588
2022-11-23,56.7,1.4915,18.4774
2022-11-24,56.7,1.4915,18.4776
2022-11-25,56.7,1.5806,18.4739
2022-11-28,56.7,1.5455,18.1923
2022-11-29,56.7,1.6028,18.1924
2022-11-30,56.7,1.3186,18.7526
2022-12-01,59.8,1.3172,18.737
2022-12-02,59.8,1.2018,18.7204
2022-12-05,59.8,1.4335,18.3864
2022-12-06,59.8,1.441,18.1205
2022-12-07,59.8,1.3882,18.0842
2022-12-08,59.8,1.2436,18.2336
2022-12-09,59.8,1.4128,18.1039
2022-12-12,59.8,1.3892,18.386
2022-12-13,59.8,1.2652,18.5195
2022-12-14,59.8,1.3642,18.4115
2022-12-15,59.8,1.642,17.9619
2022-12-16,59.8,1.4658,17.7632
2022-12-19,59.8,1.4187,17.5414
2022-12-20,59.8,1.3887,17.5601
2022-12-21,59.8,1.2995,17.8255
2022-12-22,59.8,1.3132,17.5364
2022-12-23,59.8,1.3112,17.6391
2022-12-26,59.8,1.3112,17.6389
2022-12-27,59.8,1.2427,17.5688
2022-12-28,59.8,1.3787,17.3579
2022-12-29,59.8,1.2632,17.6614
2022-12-30,59.8,1.5625,17.6182
2023-01-02,64.9,1.5625,17.6205
2023-01-03,64.9,1.4639,17.5548
2023-01-04,64.9,1.4652,17.6957
2023-01-05,64.9,1.2559,17.5044
2023-01-06,64.9,1.2221,17.9055
2023-01-09,64.9,1.2743,17.9127
2023-01-10,64.9,1.331,18.0342
2023-01-11,64.9,1.3427,18.2738
2023-01-12,64.9,1.3291,18.3439
2023-01-13,64.9,1.4831,18.427
2023-01-16,64.9,1.4831,18.4277
2023-01-17,64.9,1.4409,18.3798
2023-01-18,64.9,1.3896,18.11
2023-01-19,64.9,1.2705,17.9937
2023-01-20,64.9,1.1981,18.3212
2023-01-23,64.9,1.2572,18.5434
2023-01-24,64.9,1.3962,18.5797
2023-01-25,64.9,1.2834,18.6677
2023-01-26,64.9,1.1671,18.8777
2023-01-27,64.9,1.4154,18.9329
2023-01-30,64.9,1.3007,18.6852
2023-01-31,64.9,1.3505,19.033
2023-02-01,66.9,1.2856,19.2045
2023-02-02,66.9,1.2781,19.7446
2023-02-03,66.9,1.3727,19.5581
2023-02-06,66.9,1.3426,19.4476
2023-02-07,66.9,1.1903,19.712
2023-02-08,66.9,1.2791,19.5222
2023-02-09,66.9,1.4002,19.455
2023-02-10,66.9,1.4187,19.5182
2023-02-13,66.9,1.4522,18.7181
2023-02-14,66.9,1.4691,18.7232
2023-02-15,66.9,1.5219,18.8189
2023-02-16,66.9,1.4951,18.577
2023-02-17,66.9,1.6127,18.5216
2023-02-20,66.9,1.6127,18.5313
2023-02-21,66.9,1.3242,18.1655
2023-02-22,66.9,1.5239,18.1501
2023-02-23,66.9,1.423,18.2589
2023-02-24,66.9,1.4514,18.0725
2023-02-27,66.9,1.4548,18.0825
2023-02-28,66.9,1.398,18.0355
2023-03-01,62.0,1.3532,17.9499
2023-03-02,62.0,1.3035,18.0969
2023-03-03,62.0,1.3343,18.3878
2023-03-06,62.0,1.3385,18.4126
2023-03-07,62.0,1.2928,18.1278
2023-03-08,62.0,1.3064,18.1581
2023-03-09,62.0,1.4767,17.8307
2023-03-10,62.0,1.8794,17.579
2023-03-13,62.0,1.5076,17.5518
2023-03-14,62.0,1.404,17.838
2023-03-15,62.0,1.3994,17.7265
2023-03-16,62.0,1.2471,18.0385
2023-03-17,62.0,1.4494,17.8485
2023-03-20,62.0,1.4709,18.0209
2023-03-21,62.0,1.4359,18.2491
2023-03-22,62.0,1.4888,17.9524
2023-03-23,62.0,1.522,18.0261
2023-03-24,62.0,1.495,18.1367
2023-03-27,62.0,1.3761,18.1726
2023-03-28,62.0,1.3909,18.1704
2023-03-29,62.0,1.222,18.4429
2023-03-30,62.0,1.3499,18.5518
2023-03-31,62.0,1.3267,18.8265
2023-04-03,63.7,1.3248,18.9069
2023-04-04,63.7,1.4287,18.8204
2023-04-05,63.7,1.4,18.7746
2023-04-06,63.7,1.5711,18.8434
2023-04-07,63.7,1.5711,18.8429
2023-04-10,63.7,1.5204,18.8719
2023-04-11,63.7,1.4494,18.8848
2023-04-12,63.7,1.3268,18.8259
2023-04-13,63.7,1.2862,19.084
2023-04-14,63.7,1.3457,19.0427
2023-04-17,63.7,1.4859,19.0811
2023-04-18,63.7,1.4516,19.111
2023-04-19,63.7,1.6428,19.1205
2023-04-20,63.7,1.3873,19.0284
2023-04-21,63.7,1.4152,19.0428
2023-04-24,63.7,1.3292,19.0545
2023-04-25,63.7,1.4606,18.7209
2023-04-26,63.7,1.3094,18.6211
2023-04-27,63.7,1.2576,18.9934
2023-04-28,63.7,1.2683,19.1014
2023-05-01,59.0,1.299,19.0853
2023-05-02,59.0,1.4039,18.8742
2023-05-03,59.0,1.3651,18.7333
2023-05-04,59.0,1.3869,18.6065
2023-05-05,59.0,1.2867,18.9437
2023-05-08,59.0,1.448,18.9763
2023-05-09,59.0,1.3443,18.8979
2023-05-10,59.0,1.2882,18.9859
2023-05-11,59.0,1.3924,18.9584
2023-05-12,59.0,1.3778,18.9355
2023-05-15,59.0,1.3684,18.9773
2023-05-16,59.0,1.5042,18.863
2023-05-17,59.0,1.2552,19.133
2023-05-18,59.0,1.172,19.3107
2023-05-19,59.0,1.3828,19.2374
2023-05-22,59.0,1.4466,19.2373
2023-05-23,59.0,1.3783,19.0261
2023-05-24,59.0,1.3234,18.8606
2023-05-25,59.0,1.2149,19.001
2023-05-26,59.0,1.3879,19.2612
2023-05-29,59.0,1.3879,19.2634
2023-05-30,59.0,1.3763,19.2733
2023-05-31,59.0,1.3788,19.1673
2023-06-01,64.2,1.321,19.366
2023-06-02,64.2,1.2049,19.6462
2023-06-05,64.2,1.3204,19.6069
2023-06-06,64.2,1.329,19.6577
2023-06-07,64.2,1.2539,19.5814
2023-06-08,64.2,1.2497,19.6815
2023-06-09,64.2,1.2851,19.7143
2023-06-12,64.2,1.3423,19.9098
2023-06-13,64.2,1.2446,20.0538
2023-06-14,64.2,1.2782,20.0744
2023-06-15,64.2,1.2365,20.3213
2023-06-16,64.2,1.4461,20.257
2023-06-19,64.2,1.4461,20.2565
2023-06-20,64.2,1.5179,20.1267
2023-06-21,64.2,1.4512,20.025
2023-06-22,64.2,1.2404,20.0856
2023-06-23,64.2,1.3399,19.9364
2023-06-26,64.2,1.3825,19.8558
2023-06-27,64.2,1.3551,20.0965
2023-06-28,64.2,1.2052,20.097
2023-06-29,64.2,1.2293,20.1963
2023-06-30,64.2,1.3964,20.4514
2023-07-03,71.5,1.5163,20.4863
2023-07-04,71.5,1.5163,20.4864
2023-07-05,71.5,1.5355,20.476
2023-07-06,71.5,1.3291,20.3098
2023-07-07,71.5,1.3117,20.2596
2023-07-10,71.5,1.2984,20.3351
2023-07-11,71.5,1.2211,20.5644
2023-07-12,71.5,1.2722,20.7348
2023-07-13,71.5,1.3165,20.9108
2023-07-14,71.5,1.4835,20.8931
2023-07-17,71.5,1.5161,20.9912
2023-07-18,71.5,1.3232,21.1662
2023-07-19,71.5,1.334,21.2498
2023-07-20,71.5,1.3823,21.1268
2023-07-21,71.5,1.4301,21.1347
2023-07-24,71.5,1.4448,21.2393
2023-07-25,71.5,1.3369,21.2708
2023-07-26,71.5,1.6036,21.2538
2023-07-27,71.5,1.3739,21.0782
2023-07-28,71.5,1.3073,21.288
2023-07-31,71.5,1.4458,21.3113
2023-08-01,69.4,1.3184,21.2365
2023-08-02,69.4,1.4238,20.9453
2023-08-03,69.4,1.4318,20.8475
2023-08-04,69.4,1.4464,20.7121
2023-08-07,69.4,1.5106,20.8756
2023-08-08,69.4,1.3336,20.7953
2023-08-09,69.4,1.3249,20.6423
2023-08-10,69.4,1.3584,20.6419
2023-08-11,69.4,1.4341,20.6207
2023-08-14,69.4,1.3951,20.7251
2023-08-15,69.4,1.411,20.4792
2023-08-16,69.4,1.4451,20.3244
2023-08-17,69.4,1.5115,20.1561
2023-08-18,69.4,1.613,20.0784
2023-08-21,69.4,1.3206,20.2155
2023-08-22,69.4,1.3017,20.1625
2023-08-23,69.4,1.4755,20.3528
2023-08-24,69.4,1.3443,20.0634
2023-08-25,69.4,1.3931,20.1748
2023-08-28,69.4,1.3717,20.2979
2023-08-29,69.4,1.2369,20.5727
2023-08-30,69.4,1.2967,20.6641
2023-08-31,69.4,1.4628,20.6456
2023-09-01,67.8,1.5441,20.8153
2023-09-04,67.8,1.5441,20.8077
2023-09-05,67.8,1.4481,20.7388
2023-09-06,67.8,1.4635,20.5901
2023-09-07,67.8,1.4323,20.5146
2023-09-08,67.8,1.5341,20.5464
2023-09-11,67.8,1.476,20.6899
2023-09-12,67.8,1.203,20.5771
2023-09-13,67.8,1.4782,20.6067
2023-09-14,67.8,1.4767,20.7889
2023-09-15,67.8,1.4366,20.5445
2023-09-18,67.8,1.4286,20.5617
2023-09-19,67.8,1.3171,20.5188
2023-09-20,67.8,1.4732,20.3239
2023-09-21,67.8,1.4406,19.9965
2023-09-22,67.8,1.5702,19.9565
2023-09-25,67.8,1.5513,20.0288
2023-09-26,67.8,1.3958,19.7399
2023-09-27,67.8,1.3713,19.7346
2023-09-28,67.8,1.353,19.8501
2023-09-29,67.8,1.3492,19.7269
2023-10-02,63.8,1.3557,19.725
2023-10-03,63.8,1.49,19.4626
2023-10-04,63.8,1.4387,19.6201
2023-10-05,63.8,1.3661,19.6153
2023-10-06,63.8,1.2282,19.8472
2023-10-09,63.8,1.3473,19.9883
2023-10-10,63.8,1.3468,20.097
2023-10-11,63.8,1.3499,20.1936
2023-10-12,63.8,1.2104,20.0735
2023-10-13,63.8,1.6912,19.9722
2023-10-16,63.8,1.3987,20.2251
2023-10-17,63.8,1.3046,20.258
2023-10-18,63.8,1.5354,20.016
2023-10-19,63.8,1.3767,19.8549
2023-10-20,63.8,1.2644,19.5899
2023-10-23,63.8,1.3921,19.5586
2023-10-24,63.8,1.2904,19.6787
2023-10-25,63.8,1.3816,19.3765
2023-10-26,63.8,1.3445,19.1227
2023-10-27,63.8,1.5592,19.0243
2023-10-30,63.8,1.3737,19.2591
2023-10-31,63.8,1.3351,19.3949
2023-11-01,61.3,1.3574,19.4874
2023-11-02,61.3,1.1985,19.8546
2023-11-03,61.3,1.1722,20.051
2023-11-06,61.3,1.4216,20.2415
2023-11-07,61.3,1.1977,20.2907
2023-11-08,61.3,1.214,20.3265
2023-11-09,61.3,1.3644,20.1767
2023-11-10,61.3,1.2363,20.4932
2023-11-13,61.3,1.3538,20.4586
2023-11-14,61.3,1.131,20.849
2023-11-15,61.3,1.3816,20.8744
2023-11-16,61.3,1.3955,20.8952
2023-11-17,61.3,1.4588,20.9019
2023-11-20,61.3,1.3162,21.0522
2023-11-21,61.3,1.3149,20.9929
2023-11-22,61.3,1.2183,21.0765
2023-11-23,61.3,1.2183,21.0787
2023-11-24,61.3,1.6523,21.092
2023-11-27,61.3,1.4489,21.0504
2023-11-28,61.3,1.3059,21.1003
2023-11-29,61.3,1.2425,21.02
2023-11-30,61.3,1.2294,21.1045
2023-12-01,69.7,1.1973,21.233
2023-12-04,69.7,1.2455,21.1186
2023-12-05,69.7,1.2695,21.1067
2023-12-06,69.7,1.2261,21.0257
2023-12-07,69.7,1.3186,21.2075
2023-12-08,69.7,1.2494,21.3006
2023-12-11,69.7,1.439,21.401
2023-12-12,69.7,1.4873,21.5031
2023-12-13,69.7,1.1378,21.8026
2023-12-14,69.7,1.2771,21.8717
2023-12-15,69.7,1.4808,21.8725
2023-12-18,69.7,1.4291,21.9792
2023-12-19,69.7,1.2347,22.1117
2023-12-20,69.7,1.5558,21.788
2023-12-21,69.7,1.3045,22.0121
2023-12-22,69.7,1.3211,22.0541
2023-12-25,69.7,1.3211,22.0501
2023-12-26,69.7,1.396,22.1432
2023-12-27,69.7,1.3262,22.1666
2023-12-28,69.7,1.2494,22.1792
2023-12-29,69.7,1.3283,22.1161
2024-01-01,79.0,,
